Workbook

Sheet APRIL
A1: REKAPITULASI ABSENSI KEHADIRAN, APEL PAGI DAN APEL SIANG STAF UPTD. PKM ANGSAU
A2: DINAS / BADAN / KANTOR PUSKESMAS ANGSAU
A3: BULAN APRIL 2026
A4: NO | B4: NAMA | D4: PANGKAT / | E4: ST / S / F | F4: JABATAN | H4: 46113 | AL4: REKAP KEHADIRAN | AT4: KETERANGAN
D5: GOLONGAN | H5: 1 | I5: 2 | J5: 3 | K5: 4 | L5: 5 | M5: 6 | N5: 7 | O5: 8 | P5: 9 | Q5: 10 | R5: 11 | S5: 12 | T5: 13 | U5: 14 | V5: 15 | W5: 16 | X5: 17 | Y5: 18 | Z5: 19 | AA5: 20 | AB5: 21 | AC5: 22 | AD5: 23 | AE5: 24 | AF5: 25 | AG5: 26 | AH5: 27 | AI5: 28 | AJ5: 29 | AK5: 30 | AL5: H | AM5: S | AN5: I | AO5: C | AP5: DL | AQ5: CB | AR5: IB | AS5: TK
B6: KEHADIRAN
A7: 1 | B7: Iswati, S.ST | C7: 19691009 199011 2 001 | D7: Pembina Tk.I / IV.b | E7: ST | F7: Kepala UPTD Puskes Angsau | H7: H | I7: H | K7: H | M7: H | N7: H | O7: H | P7: H | Q7: H | R7: H | T7: H | U7: H | V7: H | W7: H | X7: H | Y7: H | AA7: H | AB7: H | AC7: H | AD7: H | AE7: H | AF7: H | AH7: H | AI7: H | AJ7: H | AK7: H | AL7: =COUNTIF(H7:AK7,"H") -> 25 | AM7: =COUNTIF(H7:AK7,"S") -> 0 | AN7: =COUNTIF(H7:AK7,"I") -> 0 | AO7: =COUNTIF(H7:AK7,"C") -> 0 | AP7: =COUNTIF(H7:AK7,"DL") -> 0 | AQ7: =COUNTIF(H7:AK7,"CB") -> 0 | AR7: =COUNTIF(H7:AK7,"IB") -> 0 | AS7: =COUNTIF(H7:AK7,"TK") -> 0
A8: 2 | B8: Anwar, S.Tr.Kes | C8: 19820619 200604 1 008 | D8: Penata / III.c | E8: ST | F8: Kasubbag TU | H8: H | I8: H | K8: H | M8: H | N8: H | O8: H | P8: H | Q8: H | R8: H | T8: H | U8: H | V8: H | W8: H | X8: H | Y8: H | AA8: H | AB8: H | AC8: H | AD8: H | AE8: H | AF8: H | AH8: H | AI8: H | AJ8: H | AK8: H | AL8: =COUNTIF(H8:AK8,"H") -> 25 | AM8: =COUNTIF(H8:AK8,"S") -> 0 | AN8: =COUNTIF(H8:AK8,"I") -> 0 | AO8: =COUNTIF(H8:AK8,"C") -> 0 | AP8: =COUNTIF(H8:AK8,"DL") -> 0 | AQ8: =COUNTIF(H8:AK8,"CB") -> 0 | AR8: =COUNTIF(H8:AK8,"IB") -> 0 | AS8: =COUNTIF(H8:AK8,"TK") -> 0
A9: 3 | B9: drg. Item Gandhi Wati | C9: 19801222 200903 2 007 | D9: Pembina Tk.I/ IV. b | E9: F | F9: Dokter Gigi Madya | H9: I | I9: H | K9: H | M9: H | N9: H | O9: H | P9: H | Q9: H | R9: H | T9: H | U9: H | V9: H | W9: H | X9: H | Y9: H | AA9: H | AB9: H | AC9: H | AD9: H | AE9: H | AF9: H | AH9: H | AI9: H | AJ9: H | AK9: H | AL9: =COUNTIF(H9:AK9,"H") -> 24 | AM9: =COUNTIF(H9:AK9,"S") -> 0 | AN9: =COUNTIF(H9:AK9,"I") -> 1 | AO9: =COUNTIF(H9:AK9,"C") -> 0 | AP9: =COUNTIF(H9:AK9,"DL") -> 0 | AQ9: =COUNTIF(H9:AK9,"CB") -> 0 | AR9: =COUNTIF(H9:AK9,"IB") -> 0 | AS9: =COUNTIF(H9:AK9,"TK") -> 0
A10: 4 | B10: drg. Diana Susanti | C10: 19780910 200604 2 026 | D10: Pembina Tk.I/ IV. b | E10: F | F10: Dokter Gigi Madya | H10: H | I10: H | K10: H | M10: H | N10: H | O10: H | P10: H | Q10: H | R10: H | T10: H | U10: H | V10: H | W10: H | X10: H | Y10: H | AA10: H | AB10: H | AC10: H | AD10: H | AE10: H | AF10: S | AH10: H | AI10: H | AJ10: H | AK10: H | AL10: =COUNTIF(H10:AK10,"H") -> 24 | AM10: =COUNTIF(H10:AK10,"S") -> 1 | AN10: =COUNTIF(H10:AK10,"I") -> 0 | AO10: =COUNTIF(H10:AK10,"C") -> 0 | AP10: =COUNTIF(H10:AK10,"DL") -> 0 | AQ10: =COUNTIF(H10:AK10,"CB") -> 0 | AR10: =COUNTIF(H10:AK10,"IB") -> 0 | AS10: =COUNTIF(H10:AK10,"TK") -> 0
A11: 5 | B11: dr. Mariatul Kiptiah | C11: 19800630 200903 2 009 | D11: Pembina / IV. a | E11: F | F11: Dokter Madya | H11: H | I11: H | K11: H | M11: DL | N11: H | O11: H | P11: H | Q11: H | R11: H | T11: H | U11: DL | V11: H | W11: H | X11: H | Y11: H | AA11: H | AB11: H | AC11: H | AD11: I | AE11: H | AF11: H | AH11: H | AI11: H | AJ11: H | AK11: H | AL11: =COUNTIF(H11:AK11,"H") -> 22 | AM11: =COUNTIF(H11:AK11,"S") -> 0 | AN11: =COUNTIF(H11:AK11,"I") -> 1 | AO11: =COUNTIF(H11:AK11,"C") -> 0 | AP11: =COUNTIF(H11:AK11,"DL") -> 2 | AQ11: =COUNTIF(H11:AK11,"CB") -> 0 | AR11: =COUNTIF(H11:AK11,"IB") -> 0 | AS11: =COUNTIF(H11:AK11,"TK") -> 0
A12: 6 | B12: dr. Yantari Tiyora | C12: 19920608 201903 2 011 | D12: Penata / III.c | E12: F | F12: Dokter Muda | H12: H | I12: H | K12: H | M12: H | N12: H | O12: H | P12: H | Q12: C | R12: C | T12: C | U12: C | V12: C | W12: C | X12: C | Y12: C | AA12: C | AB12: C | AC12: C | AD12: C | AE12: H | AF12: H | AH12: H | AI12: S | AJ12: H | AK12: H | AL12: =COUNTIF(H12:AK12,"H") -> 12 | AM12: =COUNTIF(H12:AK12,"S") -> 1 | AN12: =COUNTIF(H12:AK12,"I") -> 0 | AO12: =COUNTIF(H12:AK12,"C") -> 12 | AP12: =COUNTIF(H12:AK12,"DL") -> 0 | AQ12: =COUNTIF(H12:AK12,"CB") -> 0 | AR12: =COUNTIF(H12:AK12,"IB") -> 0 | AS12: =COUNTIF(H12:AK12,"TK") -> 0
A13: 7 | B13: Rahmiwati, A.Md.Kes,SKM | C13: 19710201 199402 0 003 | D13: Penata Tk.I / III.d | E13: F | F13: Terapis Gigi dan Mulut Penyelia | H13: H | I13: H | K13: H | M13: H | N13: H | O13: H | P13: H | Q13: H | R13: H | T13: H | U13: H | V13: H | W13: H | X13: H | Y13: H | AA13: H | AB13: H | AC13: H | AD13: H | AE13: H | AF13: H | AH13: H | AI13: H | AJ13: H | AK13: H | AL13: =COUNTIF(H13:AK13,"H") -> 25 | AM13: =COUNTIF(H13:AK13,"S") -> 0 | AN13: =COUNTIF(H13:AK13,"I") -> 0 | AO13: =COUNTIF(H13:AK13,"C") -> 0 | AP13: =COUNTIF(H13:AK13,"DL") -> 0 | AQ13: =COUNTIF(H13:AK13,"CB") -> 0 | AR13: =COUNTIF(H13:AK13,"IB") -> 0 | AS13: =COUNTIF(H13:AK13,"TK") -> 0
A14: 8 | B14: Rabiatul Adawiyah, AMd. Keb | C14: 19740626 199301 2 001 | D14: Penata Tk.I / III.d | E14: F | F14: Bidan Penyelia | H14: S | I14: H | K14: H | M14: H | N14: H | O14: S | P14: S | Q14: H | R14: H | T14: H | U14: H | V14: H | W14: H | X14: H | Y14: H | AA14: H | AB14: S | AC14: H | AD14: H | AE14: H | AF14: H | AH14: H | AI14: H | AJ14: H | AK14: H | AL14: =COUNTIF(H14:AK14,"H") -> 21 | AM14: =COUNTIF(H14:AK14,"S") -> 4 | AN14: =COUNTIF(H14:AK14,"I") -> 0 | AO14: =COUNTIF(H14:AK14,"C") -> 0 | AP14: =COUNTIF(H14:AK14,"DL") -> 0 | AQ14: =COUNTIF(H14:AK14,"CB") -> 0 | AR14: =COUNTIF(H14:AK14,"IB") -> 0 | AS14: =COUNTIF(H14:AK14,"TK") -> 0
A15: 9 | B15: Herlina Abdi,AMK | C15: 19781129 200604 2 012 | D15: Penata Tk.I / III.d | E15: F | F15: Perawat Penyelia | H15: DL | I15: H | K15: H | M15: DL | N15: H | O15: H | P15: H | Q15: H | R15: H | T15: H | U15: H | V15: H | W15: H | X15: H | Y15: H | AA15: H | AB15: H | AC15: H | AD15: H | AE15: H | AF15: H | AH15: H | AI15: H | AJ15: H | AK15: H | AL15: =COUNTIF(H15:AK15,"H") -> 23 | AM15: =COUNTIF(H15:AK15,"S") -> 0 | AN15: =COUNTIF(H15:AK15,"I") -> 0 | AO15: =COUNTIF(H15:AK15,"C") -> 0 | AP15: =COUNTIF(H15:AK15,"DL") -> 2 | AQ15: =COUNTIF(H15:AK15,"CB") -> 0 | AR15: =COUNTIF(H15:AK15,"IB") -> 0 | AS15: =COUNTIF(H15:AK15,"TK") -> 0
A16: 10 | B16: Erna Ningsih, S.Kep.,Ners | C16: 19811026 200604 2 012 | D16: Penata Tk.I / III.d | E16: F | F16: Perawat Ahli Muda | H16: H | I16: H | K16: H | M16: H | N16: H | O16: H | P16: H | Q16: H | R16: H | T16: H | U16: H | V16: H | W16: H | X16: H | Y16: H | AA16: H | AB16: H | AC16: H | AD16: H | AE16: H | AF16: H | AH16: H | AI16: H | AJ16: H | AK16: H | AL16: =COUNTIF(H16:AK16,"H") -> 25 | AM16: =COUNTIF(H16:AK16,"S") -> 0 | AN16: =COUNTIF(H16:AK16,"I") -> 0 | AO16: =COUNTIF(H16:AK16,"C") -> 0 | AP16: =COUNTIF(H16:AK16,"DL") -> 0 | AQ16: =COUNTIF(H16:AK16,"CB") -> 0 | AR16: =COUNTIF(H16:AK16,"IB") -> 0 | AS16: =COUNTIF(H16:AK16,"TK") -> 0
A17: 11 | B17: Fitriyani.AMK | C17: 19790815 200501 2 013 | D17: Penata Tk.I / III.d | E17: F | F17: Perawat Penyelia | H17: DL | I17: DL | K17: H | M17: H | N17: H | O17: H | P17: H | Q17: H | R17: H | T17: H | U17: H | V17: H | W17: DL | X17: I | Y17: H | AA17: H | AB17: H | AC17: H | AD17: H | AE17: H | AF17: H | AH17: H | AI17: H | AJ17: H | AK17: H | AL17: =COUNTIF(H17:AK17,"H") -> 21 | AM17: =COUNTIF(H17:AK17,"S") -> 0 | AN17: =COUNTIF(H17:AK17,"I") -> 1 | AO17: =COUNTIF(H17:AK17,"C") -> 0 | AP17: =COUNTIF(H17:AK17,"DL") -> 3 | AQ17: =COUNTIF(H17:AK17,"CB") -> 0 | AR17: =COUNTIF(H17:AK17,"IB") -> 0 | AS17: =COUNTIF(H17:AK17,"TK") -> 0
A18: 12 | B18: Syarifah Yartinah Alkaf,AMK | C18: 19840102 200903 2 010 | D18: Penata Tk.I / III.d | E18: F | F18: Perawat Penyelia | H18: H | I18: H | K18: H | M18: H | N18: H | O18: H | P18: H | Q18: DL | R18: H | T18: H | U18: H | V18: H | W18: H | X18: H | Y18: H | AA18: H | AB18: H | AC18: H | AD18: H | AE18: H | AF18: H | AH18: H | AI18: H | AJ18: H | AK18: H | AL18: =COUNTIF(H18:AK18,"H") -> 24 | AM18: =COUNTIF(H18:AK18,"S") -> 0 | AN18: =COUNTIF(H18:AK18,"I") -> 0 | AO18: =COUNTIF(H18:AK18,"C") -> 0 | AP18: =COUNTIF(H18:AK18,"DL") -> 1 | AQ18: =COUNTIF(H18:AK18,"CB") -> 0 | AR18: =COUNTIF(H18:AK18,"IB") -> 0 | AS18: =COUNTIF(H18:AK18,"TK") -> 0
... A43: 37 | B43: Rahmi Wulan Sari | C43: 19890809 202521 2 020 | D43: V | E43: F | F43: Pengadministrasian Perkantoran | H43: H | I43: H | K43: S | M43: H | N43: H | O43: H | P43: H | Q43: H | R43: H | T43: H | U43: H | V43: H | W43: H | X43: H | Y43: H | AA43: H | AB43: H | AC43: H | AD43: H | AE43: H | AF43: H | AH43: H | AI43: H | AJ43: H | AK43: H | AL43: =COUNTIF(H43:AK43,"H") -> 24 | AM43: =COUNTIF(H43:AK43,"S") -> 1 | AN43: =COUNTIF(H43:AK43,"I") -> 0 | AO43: =COUNTIF(H43:AK43,"C") -> 0 | AP43: =COUNTIF(H43:AK43,"DL") -> 0 | AQ43: =COUNTIF(H43:AK43,"CB") -> 0 | AR43: =COUNTIF(H43:AK43,"IB") -> 0 | AS43: =COUNTIF(H43:AK43,"TK") -> 0
A44: 38 | B44: Ida Nursanti, A.Mg | C44: 19850814 202521 2 048 | E44: G | F44: Nutrisionis Terampil | H44: H | I44: H | K44: H | M44: H | N44: H | O44: H | P44: H | Q44: H | R44: H | T44: H | U44: H | V44: H | W44: H | X44: H | Y44: I | AA44: H | AB44: H | AC44: H | AD44: I | AE44: H | AF44: H | AH44: H | AI44: H | AJ44: H | AK44: H | AL44: =COUNTIF(H44:AK44,"H") -> 23 | AM44: =COUNTIF(H44:AK44,"S") -> 0 | AN44: =COUNTIF(H44:AK44,"I") -> 2 | AO44: =COUNTIF(H44:AK44,"C") -> 0 | AP44: =COUNTIF(H44:AK44,"DL") -> 0 | AQ44: =COUNTIF(H44:AK44,"CB") -> 0 | AR44: =COUNTIF(H44:AK44,"IB") -> 0 | AS44: =COUNTIF(H44:AK44,"TK") -> 0
A45: 39 | B45: Rico Andrianto Utama,AMK | C45: 19900523 202521 1 064 | E45: G | F45: Perawat Terampil | H45: H | I45: H | K45: H | M45: H | N45: DL | O45: S | P45: H | Q45: H | R45: H | T45: H | U45: H | V45: H | W45: H | X45: H | Y45: H | AA45: I | AB45: H | AC45: H | AD45: H | AE45: H | AF45: H | AH45: H | AI45: S | AJ45: H | AK45: H | AL45: =COUNTIF(H45:AK45,"H") -> 21 | AM45: =COUNTIF(H45:AK45,"S") -> 2 | AN45: =COUNTIF(H45:AK45,"I") -> 1 | AO45: =COUNTIF(H45:AK45,"C") -> 0 | AP45: =COUNTIF(H45:AK45,"DL") -> 1 | AQ45: =COUNTIF(H45:AK45,"CB") -> 0 | AR45: =COUNTIF(H45:AK45,"IB") -> 0 | AS45: =COUNTIF(H45:AK45,"TK") -> 0
A46: 40 | B46: Laily Nur, S. Keb., Bdn | C46: 19890911 202521 2 055 | E46: G | F46: Bidan Ahli Pertama | H46: H | I46: H | K46: H | M46: H | N46: H | O46: H | P46: H | Q46: H | R46: H | T46: H | U46: H | V46: H | W46: H | X46: H | Y46: H | AA46: H | AB46: H | AC46: H | AD46: H | AE46: H | AF46: H | AH46: H | AI46: H | AJ46: H | AK46: H | AL46: =COUNTIF(H46:AK46,"H") -> 25 | AM46: =COUNTIF(H46:AK46,"S") -> 0 | AN46: =COUNTIF(H46:AK46,"I") -> 0 | AO46: =COUNTIF(H46:AK46,"C") -> 0 | AP46: =COUNTIF(H46:AK46,"DL") -> 0 | AQ46: =COUNTIF(H46:AK46,"CB") -> 0 | AR46: =COUNTIF(H46:AK46,"IB") -> 0 | AS46: =COUNTIF(H46:AK46,"TK") -> 0
A47: 41 | B47: Siti Rahmawati, Am.Keb | C47: 19870516 202521 2 060 | E47: G | F47: Bidan Terampil | H47: H | I47: H | K47: H | M47: H | N47: H | O47: H | P47: H | Q47: H | R47: H | T47: H | U47: H | V47: H | W47: H | X47: H | Y47: H | AA47: H | AB47: H | AC47: H | AD47: H | AE47: H | AF47: H | AH47: H | AI47: H | AJ47: H | AK47: H | AL47: =COUNTIF(H47:AK47,"H") -> 25 | AM47: =COUNTIF(H47:AK47,"S") -> 0 | AN47: =COUNTIF(H47:AK47,"I") -> 0 | AO47: =COUNTIF(H47:AK47,"C") -> 0 | AP47: =COUNTIF(H47:AK47,"DL") -> 0 | AQ47: =COUNTIF(H47:AK47,"CB") -> 0 | AR47: =COUNTIF(H47:AK47,"IB") -> 0 | AS47: =COUNTIF(H47:AK47,"TK") -> 0
A48: 42 | B48: Sheny Budiarti, S.Si.T | C48: 19930911 202521 2 075 | E48: G | F48: Bidan Ahli Pertama | H48: H | I48: H | K48: H | M48: H | N48: H | O48: H | P48: H | Q48: H | R48: H | T48: H | U48: H | V48: H | W48: H | X48: H | Y48: H | AA48: H | AB48: H | AC48: H | AD48: H | AE48: H | AF48: H | AH48: H | AI48: H | AJ48: H | AK48: H | AL48: =COUNTIF(H48:AK48,"H") -> 25 | AM48: =COUNTIF(H48:AK48,"S") -> 0 | AN48: =COUNTIF(H48:AK48,"I") -> 0 | AO48: =COUNTIF(H48:AK48,"C") -> 0 | AP48: =COUNTIF(H48:AK48,"DL") -> 0 | AQ48: =COUNTIF(H48:AK48,"CB") -> 0 | AR48: =COUNTIF(H48:AK48,"IB") -> 0 | AS48: =COUNTIF(H48:AK48,"TK") -> 0
A49: 43 | B49: Setia Rahayu, A.Md. Keb | C49: 19911011 202521 2 058 | E49: G | F49: Bidan Terampil | H49: H | I49: H | K49: H | M49: H | N49: H | O49: H | P49: H | Q49: H | R49: H | T49: H | U49: H | V49: H | W49: I | X49: H | Y49: H | AA49: H | AB49: H | AC49: I | AD49: H | AE49: H | AF49: H | AH49: H | AI49: H | AJ49: H | AK49: H | AL49: =COUNTIF(H49:AK49,"H") -> 23 | AM49: =COUNTIF(H49:AK49,"S") -> 0 | AN49: =COUNTIF(H49:AK49,"I") -> 2 | AO49: =COUNTIF(H49:AK49,"C") -> 0 | AP49: =COUNTIF(H49:AK49,"DL") -> 0 | AQ49: =COUNTIF(H49:AK49,"CB") -> 0 | AR49: =COUNTIF(H49:AK49,"IB") -> 0 | AS49: =COUNTIF(H49:AK49,"TK") -> 0
A50: 44 | B50: Eka Maulida Putri, A.Md.Keb | C50: 19940905 202521 2 064 | E50: G | F50: Bidan Terampil | H50: H | I50: H | K50: H | M50: H | N50: H | O50: H | P50: H | Q50: H | R50: H | T50: H | U50: I | V50: I | W50: I | X50: I | Y50: I | AA50: I | AB50: I | AC50: I | AD50: I | AE50: I | AF50: I | AH50: H | AI50: H | AJ50: H | AK50: H | AL50: =COUNTIF(H50:AK50,"H") -> 14 | AM50: =COUNTIF(H50:AK50,"S") -> 0 | AN50: =COUNTIF(H50:AK50,"I") -> 11 | AO50: =COUNTIF(H50:AK50,"C") -> 0 | AP50: =COUNTIF(H50:AK50,"DL") -> 0 | AQ50: =COUNTIF(H50:AK50,"CB") -> 0 | AR50: =COUNTIF(H50:AK50,"IB") -> 0 | AS50: =COUNTIF(H50:AK50,"TK") -> 0
A51: 45 | B51: Latipah | C51: 19890310 202521 2 096 | E51: G | F51: Operator Layanan Operasional | H51: H | I51: H | K51: H | M51: H | N51: H | O51: H | P51: H | Q51: H | R51: H | T51: H | U51: I | V51: H | W51: H | X51: H | Y51: H | AA51: H | AB51: H | AC51: S | AD51: H | AE51: H | AF51: H | AH51: H | AI51: H | AJ51: H | AK51: H | AL51: =COUNTIF(H51:AK51,"H") -> 23 | AM51: =COUNTIF(H51:AK51,"S") -> 1 | AN51: =COUNTIF(H51:AK51,"I") -> 1 | AO51: =COUNTIF(H51:AK51,"C") -> 0 | AP51: =COUNTIF(H51:AK51,"DL") -> 0 | AQ51: =COUNTIF(H51:AK51,"CB") -> 0 | AR51: =COUNTIF(H51:AK51,"IB") -> 0 | AS51: =COUNTIF(H51:AK51,"TK") -> 0
A52: 46 | B52: Agus Rahmat | C52: 19760804 202521 1 042 | E52: G | F52: Operator Layanan Operasional | H52: H | I52: H | K52: H | M52: H | N52: H | O52: H | P52: H | Q52: H | R52: H | T52: H | U52: H | V52: H | W52: H | X52: H | Y52: H | AA52: S | AB52: H | AC52: H | AD52: H | AE52: H | AF52: H | AH52: H | AI52: H | AJ52: H | AK52: H | AL52: =COUNTIF(H52:AK52,"H") -> 24 | AM52: =COUNTIF(H52:AK52,"S") -> 1 | AN52: =COUNTIF(H52:AK52,"I") -> 0 | AO52: =COUNTIF(H52:AK52,"C") -> 0 | AP52: =COUNTIF(H52:AK52,"DL") -> 0 | AQ52: =COUNTIF(H52:AK52,"CB") -> 0 | AR52: =COUNTIF(H52:AK52,"IB") -> 0 | AS52: =COUNTIF(H52:AK52,"TK") -> 0
A53: 47 | B53: Yudi Rahman | C53: 19910928 202521 1 047 | E53: G | F53: Operator Layanan Operasional | H53: H | I53: H | K53: H | M53: H | N53: H | O53: H | P53: H | Q53: H | R53: H | T53: H | U53: H | V53: H | W53: H | X53: H | Y53: H | AA53: H | AB53: H | AC53: H | AD53: H | AE53: H | AF53: H | AH53: H | AI53: H | AJ53: H | AK53: H | AL53: =COUNTIF(H53:AK53,"H") -> 25 | AM53: =COUNTIF(H53:AK53,"S") -> 0 | AN53: =COUNTIF(H53:AK53,"I") -> 0 | AO53: =COUNTIF(H53:AK53,"C") -> 0 | AP53: =COUNTIF(H53:AK53,"DL") -> 0 | AQ53: =COUNTIF(H53:AK53,"CB") -> 0 | AR53: =COUNTIF(H53:AK53,"IB") -> 0 | AS53: =COUNTIF(H53:AK53,"TK") -> 0
A54: 48 | B54: Yasirwan | C54: 19830322 202521 1 047 | E54: G | F54: Operator Layanan Operasional | H54: H | I54: H | K54: H | M54: H | N54: H | O54: H | P54: H | Q54: H | R54: H | T54: H | U54: H | V54: H | W54: H | X54: H | Y54: S | AA54: H | AB54: H | AC54: H | AD54: H | AE54: H | AF54: H | AH54: H | AI54: H | AJ54: H | AK54: H | AL54: =COUNTIF(H54:AK54,"H") -> 24 | AM54: =COUNTIF(H54:AK54,"S") -> 1 | AN54: =COUNTIF(H54:AK54,"I") -> 0 | AO54: =COUNTIF(H54:AK54,"C") -> 0 | AP54: =COUNTIF(H54:AK54,"DL") -> 0 | AQ54: =COUNTIF(H54:AK54,"CB") -> 0 | AR54: =COUNTIF(H54:AK54,"IB") -> 0 | AS54: =COUNTIF(H54:AK54,"TK") -> 0
A55: 49 | B55: Abdul Ghoni Zean, A.Md.Kom | C55: - | D55: PTT BLUD | E55: G | F55: Tenaga Teknologi Informasi | H55: H | I55: H | K55: H | M55: H | N55: H | O55: H | P55: H | Q55: H | R55: H | T55: H | U55: H | V55: H | W55: H | X55: H | Y55: H | AA55: H | AB55: H | AC55: H | AD55: H | AE55: H | AF55: H | AH55: H | AI55: H | AJ55: H | AK55: H | AL55: =COUNTIF(H55:AK55,"H") -> 25 | AM55: =COUNTIF(H55:AK55,"S") -> 0 | AN55: =COUNTIF(H55:AK55,"I") -> 0 | AO55: =COUNTIF(H55:AK55,"C") -> 0 | AP55: =COUNTIF(H55:AK55,"DL") -> 0 | AQ55: =COUNTIF(H55:AK55,"CB") -> 0 | AR55: =COUNTIF(H55:AK55,"IB") -> 0 | AS55: =COUNTIF(H55:AK55,"TK") -> 0
A56: 50 | B56: Salmiyah, A.Md.Ak | C56: - | D56: PTT BLUD | E56: G | F56: Tenaga Keuangan | H56: H | I56: H | K56: H | M56: H | N56: H | O56: H | P56: H | Q56: H | R56: H | T56: H | U56: H | V56: H | W56: H | X56: H | Y56: H | AA56: H | AB56: H | AC56: S | AD56: H | AE56: H | AF56: H | AH56: H | AI56: H | AJ56: H | AK56: H | AL56: =COUNTIF(H56:AK56,"H") -> 24 | AM56: =COUNTIF(H56:AK56,"S") -> 1 | AN56: =COUNTIF(H56:AK56,"I") -> 0 | AO56: =COUNTIF(H56:AK56,"C") -> 0 | AP56: =COUNTIF(H56:AK56,"DL") -> 0 | AQ56: =COUNTIF(H56:AK56,"CB") -> 0 | AR56: =COUNTIF(H56:AK56,"IB") -> 0 | AS56: =COUNTIF(H56:AK56,"TK") -> 0
AL57: Pelaihari, 31 Maret 2026
F58: Kepala Puskesmas Angsau | AL58: Pembuat Daftar
F62: Iswati, S.ST | AL62: Fera Wati, A.Md
F63: NIP.19691009 199011 2 001 | AL63: NIP. 19850907 2025212 018
B64: REKAPITULASI ABSENSI KEHADIRAN, APEL PAGI DAN APEL SIANG STAF UPTD. PKM ANGSAU
B65: DINAS / BADAN / KANTOR PUSKESMAS ANGSAU
B66: BULAN APRIL 2026
A67: NO | B67: NAMA | D67: PANGKAT / | E67: ST / S / F | F67: JABATAN | H67: 46113 | AL67: REKAP APEL PAGI | AT67: KETERANGAN
D68: GOLONGAN | H68: 1 | I68: 2 | J68: 3 | K68: 4 | L68: 5 | M68: 6 | N68: 7 | O68: 8 | P68: 9 | Q68: 10 | R68: 11 | S68: 12 | T68: 13 | U68: 14 | V68: 15 | W68: 16 | X68: 17 | Y68: 18 | Z68: 19 | AA68: 20 | AB68: 21 | AC68: 22 | AD68: 23 | AE68: 24 | AF68: 25 | AG68: 26 | AH68: 27 | AI68: 28 | AJ68: 29 | AK68: 30 | AL68: H | AM68: S | AN68: I | AO68: C | AP68: CB | AQ68: DL | AR68: IB | AS68: TK
B69: APEL PAGI | D69: 3 | E69: 4 | F69: 5
A70: 1 | B70: Iswati, S.ST | C70: 19691009 199011 2 001 | D70: Pembina Tk.I / IV.b | E70: ST | F70: Kepala UPTD Puskes Angsau | H70: H | I70: H | K70: H | M70: H | N70: H | O70: H | P70: H | Q70: H | R70: H | T70: H | U70: H | V70: H | W70: H | X70: H | Y70: H | AA70: H | AB70: H | AC70: H | AD70: H | AE70: H | AF70: H | AH70: H | AI70: H | AJ70: H | AK70: H | AL70: =COUNTIF(H70:AK70,"H") -> 25 | AM70: =COUNTIF(H70:AK70,"S") -> 0 | AN70: =COUNTIF(H70:AK70,"I") -> 0 | AO70: =COUNTIF(H70:AK70,"C") -> 0 | AP70: =COUNTIF(H70:AK70,"CB") -> 0 | AQ70: =COUNTIF(H70:AK70,"DL") -> 0 | AR70: =COUNTIF(H70:AK70,"IB") -> 0 | AS70: =COUNTIF(H70:AK70,"TK") -> 0
A71: 2 | B71: Anwar, S.Tr.Kes | C71: 19820619 200604 1 008 | D71: Penata / III.c | E71: ST | F71: Kasubbag TU | H71: H | I71: H | K71: I | M71: H | N71: H | O71: H | P71: H | Q71: H | R71: H | T71: H | U71: H | V71: H | W71: H | X71: H | Y71: H | AA71: H | AB71: H | AC71: H | AD71: H | AE71: H | AF71: H | AH71: I | AI71: H | AJ71: H | AK71: H | AL71: =COUNTIF(H71:AK71,"H") -> 23 | AM71: =COUNTIF(H71:AK71,"S") -> 0 | AN71: =COUNTIF(H71:AK71,"I") -> 2 | AO71: =COUNTIF(H71:AK71,"C") -> 0 | AP71: =COUNTIF(H71:AK71,"CB") -> 0 | AQ71: =COUNTIF(H71:AK71,"DL") -> 0 | AR71: =COUNTIF(H71:AK71,"IB") -> 0 | AS71: =COUNTIF(H71:AK71,"TK") -> 0
A72: 3 | B72: drg. Item Gandhi Wati | C72: 19801222 200903 2 007 | D72: Pembina Tk.I/ IV. b | E72: F | F72: Dokter Gigi Madya | I72: H | K72: H | M72: H | N72: H | O72: H | P72: H | Q72: H | R72: H | T72: H | U72: H | V72: H | W72: H | X72: H | Y72: H | AA72: H | AB72: H | AC72: H | AD72: H | AE72: H | AF72: H | AH72: H | AI72: H | AJ72: H | AK72: H | AL72: =COUNTIF(H72:AK72,"H") -> 24 | AM72: =COUNTIF(H72:AK72,"S") -> 0 | AN72: =COUNTIF(H72:AK72,"I") -> 0 | AO72: =COUNTIF(H72:AK72,"C") -> 0 | AP72: =COUNTIF(H72:AK72,"CB") -> 0 | AQ72: =COUNTIF(H72:AK72,"DL") -> 0 | AR72: =COUNTIF(H72:AK72,"IB") -> 0 | AS72: =COUNTIF(H72:AK72,"TK") -> 0
A73: 4 | B73: drg. Diana Susanti | C73: 19780910 200604 2 026 | D73: Pembina Tk.I/ IV. b | E73: F | F73: Dokter Gigi Madya | H73: H | I73: H | K73: H | M73: H | N73: H | O73: H | P73: H | Q73: H | R73: H | T73: H | U73: H | V73: H | W73: H | X73: H | Y73: H | AA73: H | AB73: H | AC73: H | AD73: H | AE73: H | AH73: H | AI73: H | AJ73: H | AK73: H | AL73: =COUNTIF(H73:AK73,"H") -> 24 | AM73: =COUNTIF(H73:AK73,"S") -> 0 | AN73: =COUNTIF(H73:AK73,"I") -> 0 | AO73: =COUNTIF(H73:AK73,"C") -> 0 | AP73: =COUNTIF(H73:AK73,"CB") -> 0 | AQ73: =COUNTIF(H73:AK73,"DL") -> 0 | AR73: =COUNTIF(H73:AK73,"IB") -> 0 | AS73: =COUNTIF(H73:AK73,"TK") -> 0
A74: 5 | B74: dr. Mariatul Kiptiah | C74: 19800630 200903 2 009 | D74: Pembina / IV. a | E74: F | F74: Dokter Madya | H74: H | I74: H | K74: H | M74: DL | N74: H | O74: H | P74: H | Q74: H | R74: I | T74: H | U74: DL | V74: H | W74: H | X74: H | Y74: H | AA74: H | AB74: H | AC74: H | AE74: H | AF74: H | AH74: H | AI74: H | AJ74: H | AK74: H | AL74: =COUNTIF(H74:AK74,"H") -> 21 | AM74: =COUNTIF(H74:AK74,"S") -> 0 | AN74: =COUNTIF(H74:AK74,"I") -> 1 | AO74: =COUNTIF(H74:AK74,"C") -> 0 | AP74: =COUNTIF(H74:AK74,"CB") -> 0 | AQ74: =COUNTIF(H74:AK74,"DL") -> 2 | AR74: =COUNTIF(H74:AK74,"IB") -> 0 | AS74: =COUNTIF(H74:AK74,"TK") -> 0
A75: 6 | B75: dr. Yantari Tiyora | C75: 19920608 201903 2 011 | D75: Penata / III.c | E75: F | F75: Dokter Muda | H75: H | I75: H | K75: H | M75: H | N75: H | O75: H | P75: H | Q75: C | R75: C | T75: C | U75: C | V75: C | W75: C | X75: C | Y75: C | AA75: C | AB75: C | AC75: C | AD75: C | AE75: H | AF75: H | AH75: H | AJ75: H | AK75: H | AL75: =COUNTIF(H75:AK75,"H") -> 12 | AM75: =COUNTIF(H75:AK75,"S") -> 0 | AN75: =COUNTIF(H75:AK75,"I") -> 0 | AO75: =COUNTIF(H75:AK75,"C") -> 12 | AP75: =COUNTIF(H75:AK75,"CB") -> 0 | AQ75: =COUNTIF(H75:AK75,"DL") -> 0 | AR75: =COUNTIF(H75:AK75,"IB") -> 0 | AS75: =COUNTIF(H75:AK75,"TK") -> 0
A76: 7 | B76: Rahmiwati, A.Md.Kes,SKM | C76: 19710201 199402 0 003 | D76: Penata Tk.I / III.d | E76: F | F76: Terapis Gigi dan Mulut Penyelia | H76: H | I76: H | K76: H | M76: H | N76: H | O76: H | P76: H | Q76: H | R76: H | T76: H | U76: H | V76: H | W76: H | X76: H | Y76: H | AA76: H | AB76: H | AC76: H | AD76: H | AE76: H | AF76: H | AH76: H | AI76: H | AJ76: H | AK76: H | AL76: =COUNTIF(H76:AK76,"H") -> 25 | AM76: =COUNTIF(H76:AK76,"S") -> 0 | AN76: =COUNTIF(H76:AK76,"I") -> 0 | AO76: =COUNTIF(H76:AK76,"C") -> 0 | AP76: =COUNTIF(H76:AK76,"CB") -> 0 | AQ76: =COUNTIF(H76:AK76,"DL") -> 0 | AR76: =COUNTIF(H76:AK76,"IB") -> 0 | AS76: =COUNTIF(H76:AK76,"TK") -> 0
A77: 8 | B77: Rabiatul Adawiyah, AMd. Keb | C77: 19740626 199301 2 001 | D77: Penata Tk.I / III.d | E77: F | F77: Bidan Penyelia | I77: I | K77: H | M77: H | N77: H | Q77: H | R77: H | T77: H | U77: H | V77: I | W77: H | X77: H | Y77: H | AA77: H | AC77: H | AD77: H | AE77: H | AF77: H | AH77: H | AI77: H | AJ77: H | AK77: H | AL77: =COUNTIF(H77:AK77,"H") -> 19 | AM77: =COUNTIF(H77:AK77,"S") -> 0 | AN77: =COUNTIF(H77:AK77,"I") -> 2 | AO77: =COUNTIF(H77:AK77,"C") -> 0 | AP77: =COUNTIF(H77:AK77,"CB") -> 0 | AQ77: =COUNTIF(H77:AK77,"DL") -> 0 | AR77: =COUNTIF(H77:AK77,"IB") -> 0 | AS77: =COUNTIF(H77:AK77,"TK") -> 0
A78: 9 | B78: Herlina Abdi,AMK | C78: 19781129 200604 2 012 | D78: Penata Tk.I / III.d | E78: F | F78: Perawat Penyelia | H78: DL | I78: H | K78: H | M78: DL | N78: H | O78: H | P78: H | Q78: H | R78: H | T78: H | U78: H | V78: H | W78: H | X78: H | Y78: H | AA78: H | AB78: H | AC78: H | AD78: H | AE78: H | AF78: H | AH78: H | AI78: H | AJ78: H | AK78: H | AL78: =COUNTIF(H78:AK78,"H") -> 23 | AM78: =COUNTIF(H78:AK78,"S") -> 0 | AN78: =COUNTIF(H78:AK78,"I") -> 0 | AO78: =COUNTIF(H78:AK78,"C") -> 0 | AP78: =COUNTIF(H78:AK78,"CB") -> 0 | AQ78: =COUNTIF(H78:AK78,"DL") -> 2 | AR78: =COUNTIF(H78:AK78,"IB") -> 0 | AS78: =COUNTIF(H78:AK78,"TK") -> 0
A79: 10 | B79: Erna Ningsih, S.Kep.,Ners | C79: 19811026 200604 2 012 | D79: Penata Tk.I / III.d | E79: F | F79: Perawat Ahli Muda | H79: H | I79: H | K79: H | M79: H | N79: H | O79: H | P79: H | Q79: H | R79: H | T79: H | U79: H | V79: H | W79: H | X79: H | Y79: H | AA79: H | AB79: H | AC79: H | AD79: H | AE79: H | AF79: H | AH79: H | AI79: H | AJ79: H | AK79: H | AL79: =COUNTIF(H79:AK79,"H") -> 25 | AM79: =COUNTIF(H79:AK79,"S") -> 0 | AN79: =COUNTIF(H79:AK79,"I") -> 0 | AO79: =COUNTIF(H79:AK79,"C") -> 0 | AP79: =COUNTIF(H79:AK79,"CB") -> 0 | AQ79: =COUNTIF(H79:AK79,"DL") -> 0 | AR79: =COUNTIF(H79:AK79,"IB") -> 0 | AS79: =COUNTIF(H79:AK79,"TK") -> 0
A80: 11 | B80: Fitriyani.AMK | C80: 19790815 200501 2 013 | D80: Penata Tk.I / III.d | E80: F | F80: Perawat Penyelia | H80: DL | I80: DL | K80: H | M80: H | N80: H | O80: H | P80: H | Q80: H | R80: H | T80: H | U80: H | V80: H | W80: DL | Y80: H | AA80: H | AB80: H | AC80: H | AD80: H | AE80: H | AF80: H | AH80: H | AI80: H | AJ80: H | AK80: H | AL80: =COUNTIF(H80:AK80,"H") -> 21 | AM80: =COUNTIF(H80:AK80,"S") -> 0 | AN80: =COUNTIF(H80:AK80,"I") -> 0 | AO80: =COUNTIF(H80:AK80,"C") -> 0 | AP80: =COUNTIF(H80:AK80,"CB") -> 0 | AQ80: =COUNTIF(H80:AK80,"DL") -> 3 | AR80: =COUNTIF(H80:AK80,"IB") -> 0 | AS80: =COUNTIF(H80:AK80,"TK") -> 0
A81: 12 | B81: Syarifah Yartinah Alkaf,AMK | C81: 19840102 200903 2 010 | D81: Penata Tk.I / III.d | E81: F | F81: Perawat Penyelia | H81: H | I81: H | K81: H | M81: H | N81: H | O81: H | P81: H | Q81: DL | R81: H | T81: H | U81: H | V81: H | W81: H | X81: H | Y81: H | AA81: H | AB81: H | AC81: H | AD81: H | AE81: H | AF81: H | AH81: H | AI81: H | AJ81: H | AK81: H | AL81: =COUNTIF(H81:AK81,"H") -> 24 | AM81: =COUNTIF(H81:AK81,"S") -> 0 | AN81: =COUNTIF(H81:AK81,"I") -> 0 | AO81: =COUNTIF(H81:AK81,"C") -> 0 | AP81: =COUNTIF(H81:AK81,"CB") -> 0 | AQ81: =COUNTIF(H81:AK81,"DL") -> 1 | AR81: =COUNTIF(H81:AK81,"IB") -> 0 | AS81: =COUNTIF(H81:AK81,"TK") -> 0
A82: 13 | B82: Eva Rukmana, AMK | C82: 19880529 201001 2 006 | D82: Penata Tk.I / III.d | E82: F | F82: Perawat Penyelia | H82: H | I82: H | K82: H | M82: H | N82: H | O82: H | P82: H | Q82: H | R82: H | T82: H | U82: H | V82: H | W82: H | X82: H | Y82: H | AA82: H | AB82: H | AC82: H | AD82: H | AE82: H | AH82: H | AI82: H | AJ82: H | AK82: H | AL82: =COUNTIF(H82:AK82,"H") -> 24 | AM82: =COUNTIF(H82:AK82,"S") -> 0 | AN82: =COUNTIF(H82:AK82,"I") -> 0 | AO82: =COUNTIF(H82:AK82,"C") -> 0 | AP82: =COUNTIF(H82:AK82,"CB") -> 0 | AQ82: =COUNTIF(H82:AK82,"DL") -> 0 | AR82: =COUNTIF(H82:AK82,"IB") -> 0 | AS82: =COUNTIF(H82:AK82,"TK") -> 0
A83: 14 | B83: Erni Sasmita, AMd.Keb | C83: 19840805 200903 2 009 | D83: Penata Tk.I / III.d | E83: F | F83: Bidan Penyelia | H83: H | I83: H | K83: H | M83: DL | N83: H | O83: H | P83: H | Q83: H | R83: H | T83: H | U83: H | V83: H | W83: H | X83: H | Y83: H | AA83: H | AB83: H | AC83: H | AD83: H | AE83: H | AF83: H | AH83: H | AI83: H | AJ83: H | AK83: H | AL83: =COUNTIF(H83:AK83,"H") -> 24 | AM83: =COUNTIF(H83:AK83,"S") -> 0 | AN83: =COUNTIF(H83:AK83,"I") -> 0 | AO83: =COUNTIF(H83:AK83,"C") -> 0 | AP83: =COUNTIF(H83:AK83,"CB") -> 0 | AQ83: =COUNTIF(H83:AK83,"DL") -> 1 | AR83: =COUNTIF(H83:AK83,"IB") -> 0 | AS83: =COUNTIF(H83:AK83,"TK") -> 0
A84: 15 | B84: Yuliani, AM.KG | C84: 19880713 201001 2 004 | D84: Penata Tk.I / III.d | E84: F | F84: Terapis Gigi dan Mulut Penyelia | H84: H | I84: H | K84: I | M84: DL | N84: H | O84: H | P84: H | Q84: H | R84: H | T84: H | U84: H | V84: H | W84: I | X84: H | Y84: H | AA84: H | AB84: H | AC84: H | AD84: I | AE84: H | AH84: H | AI84: H | AJ84: H | AK84: H | AL84: =COUNTIF(H84:AK84,"H") -> 20 | AM84: =COUNTIF(H84:AK84,"S") -> 0 | AN84: =COUNTIF(H84:AK84,"I") -> 3 | AO84: =COUNTIF(H84:AK84,"C") -> 0 | AP84: =COUNTIF(H84:AK84,"CB") -> 0 | AQ84: =COUNTIF(H84:AK84,"DL") -> 1 | AR84: =COUNTIF(H84:AK84,"IB") -> 0 | AS84: =COUNTIF(H84:AK84,"TK") -> 0
A85: 16 | B85: Tri Widi Astuti, A.Md.Keb | C85: 19780831 200501 2 006 | D85: Penata Tk.I / III.d | E85: F | F85: Bidan Penyelia | H85: H | I85: H | K85: I | M85: H | N85: H | O85: H | P85: H | Q85: H | R85: H | T85: H | U85: H | V85: H | W85: H | X85: H | Y85: H | AA85: I | AC85: H | AD85: H | AE85: H | AF85: H | AH85: H | AI85: H | AJ85: H | AK85: H | AL85: =COUNTIF(H85:AK85,"H") -> 22 | AM85: =COUNTIF(H85:AK85,"S") -> 0 | AN85: =COUNTIF(H85:AK85,"I") -> 2 | AO85: =COUNTIF(H85:AK85,"C") -> 0 | AP85: =COUNTIF(H85:AK85,"CB") -> 0 | AQ85: =COUNTIF(H85:AK85,"DL") -> 0 | AR85: =COUNTIF(H85:AK85,"IB") -> 0 | AS85: =COUNTIF(H85:AK85,"TK") -> 0
A86: 17 | B86: Apt. Lili Shafwatunnida, S. Farm | C86: 19870326 201903 2 008 | D86: Penata / III.c | E86: F | F86: Apoteker Muda | H86: I | I86: I | K86: I | N86: H | O86: I | P86: H | Q86: H | R86: I | T86: H | U86: I | V86: H | W86: H | X86: H | Y86: H | AA86: H | AB86: H | AC86: I | AD86: DL | AE86: I | AF86: I | AH86: I | AI86: H | AJ86: I | AK86: H | AL86: =COUNTIF(H86:AK86,"H") -> 12 | AM86: =COUNTIF(H86:AK86,"S") -> 0 | AN86: =COUNTIF(H86:AK86,"I") -> 11 | AO86: =COUNTIF(H86:AK86,"C") -> 0 | AP86: =COUNTIF(H86:AK86,"CB") -> 0 | AQ86: =COUNTIF(H86:AK86,"DL") -> 1 | AR86: =COUNTIF(H86:AK86,"IB") -> 0 | AS86: =COUNTIF(H86:AK86,"TK") -> 0
A87: 18 | B87: Arbainah, S.Tr.Kes | C87: 19850118 200604 2 004 | D87: Penata / III.c | E87: F | F87: Pranata Labkes Penyelia | H87: H | I87: I | K87: H | M87: I | N87: I | O87: H | P87: H | Q87: H | R87: H | T87: I | U87: H | V87: H | W87: H | Y87: H | AA87: H | AB87: H | AC87: I | AD87: H | AE87: H | AF87: H | AH87: H | AI87: H | AJ87: H | AK87: H | AL87: =COUNTIF(H87:AK87,"H") -> 19 | AM87: =COUNTIF(H87:AK87,"S") -> 0 | AN87: =COUNTIF(H87:AK87,"I") -> 5 | AO87: =COUNTIF(H87:AK87,"C") -> 0 | AP87: =COUNTIF(H87:AK87,"CB") -> 0 | AQ87: =COUNTIF(H87:AK87,"DL") -> 0 | AR87: =COUNTIF(H87:AK87,"IB") -> 0 | AS87: =COUNTIF(H87:AK87,"TK") -> 0
A88: 19 | B88: Trisna Anggriyani, A.Md. Keb. | C88: 19860101 201001 2 028 | D88: Penata / III.c | E88: F | F88: Bidan Mahir | H88: H | I88: H | K88: H | M88: H | N88: H | O88: H | P88: H | Q88: H | R88: H | T88: H | V88: I | W88: H | X88: H | Y88: H | AA88: H | AB88: H | AC88: H | AD88: H | AE88: H | AF88: H | AH88: H | AI88: H | AJ88: H | AK88: H | AL88: =COUNTIF(H88:AK88,"H") -> 23 | AM88: =COUNTIF(H88:AK88,"S") -> 0 | AN88: =COUNTIF(H88:AK88,"I") -> 1 | AO88: =COUNTIF(H88:AK88,"C") -> 0 | AP88: =COUNTIF(H88:AK88,"CB") -> 0 | AQ88: =COUNTIF(H88:AK88,"DL") -> 0 | AR88: =COUNTIF(H88:AK88,"IB") -> 0 | AS88: =COUNTIF(H88:AK88,"TK") -> 0
A89: 20 | B89: Ni Luh Eka Karyani, S.Kep.,Ners | C89: 19841008 200903 2 011 | D89: Penata / III.c | E89: F | F89: Perawat Ahli Muda | H89: H | I89: H | K89: H | M89: H | N89: H | O89: I | P89: H | Q89: H | R89: H | T89: H | U89: H | V89: H | W89: H | X89: H | Y89: H | AA89: H | AB89: H | AC89: H | AD89: H | AE89: H | AF89: H | AH89: H | AI89: H | AJ89: H | AK89: H | AL89: =COUNTIF(H89:AK89,"H") -> 24 | AM89: =COUNTIF(H89:AK89,"S") -> 0 | AN89: =COUNTIF(H89:AK89,"I") -> 1 | AO89: =COUNTIF(H89:AK89,"C") -> 0 | AP89: =COUNTIF(H89:AK89,"CB") -> 0 | AQ89: =COUNTIF(H89:AK89,"DL") -> 0 | AR89: =COUNTIF(H89:AK89,"IB") -> 0 | AS89: =COUNTIF(H89:AK89,"TK") -> 0
A90: 21 | B90: Henny Rahimah,AMK | C90: 19881006 201101 2 005 | D90: Penata / III.c | E90: F | F90: Perawat Penyelia | H90: H | I90: H | K90: H | M90: H | N90: H | O90: H | P90: H | Q90: H | R90: H | T90: H | U90: H | V90: H | W90: DL | X90: H | Y90: H | AA90: H | AB90: H | AC90: H | AD90: H | AE90: H | AF90: H | AH90: H | AI90: H | AJ90: H | AK90: H | AL90: =COUNTIF(H90:AK90,"H") -> 24 | AM90: =COUNTIF(H90:AK90,"S") -> 0 | AN90: =COUNTIF(H90:AK90,"I") -> 0 | AO90: =COUNTIF(H90:AK90,"C") -> 0 | AP90: =COUNTIF(H90:AK90,"CB") -> 0 | AQ90: =COUNTIF(H90:AK90,"DL") -> 1 | AR90: =COUNTIF(H90:AK90,"IB") -> 0 | AS90: =COUNTIF(H90:AK90,"TK") -> 0
A91: 22 | B91: Lia Puspa Sari, S.ST.,Bdn | C91: 19860225 200903 2 011 | D91: Penata Muda Tk.I/ III.b | E91: F | F91: Bidan Pertama | H91: H | I91: I | K91: H | M91: DL | N91: I | O91: H | P91: H | Q91: H | R91: I | T91: H | U91: H | V91: H | W91: H | X91: H | Y91: I | AA91: H | AB91: H | AC91: I | AD91: I | AE91: H | AF91: H | AH91: H | AI91: I | AJ91: I | AK91: H | AL91: =COUNTIF(H91:AK91,"H") -> 16 | AM91: =COUNTIF(H91:AK91,"S") -> 0 | AN91: =COUNTIF(H91:AK91,"I") -> 8 | AO91: =COUNTIF(H91:AK91,"C") -> 0 | AP91: =COUNTIF(H91:AK91,"CB") -> 0 | AQ91: =COUNTIF(H91:AK91,"DL") -> 1 | AR91: =COUNTIF(H91:AK91,"IB") -> 0 | AS91: =COUNTIF(H91:AK91,"TK") -> 0
A92: 23 | B92: Dewi Retno Astuty, SST, Bdn, MM | C92: 19870309 200903 2 006 | D92: Penata Muda Tk.I/ III.b | E92: F | F92: Bidan Pertama | H92: H | I92: H | K92: H | O92: H | P92: H | Q92: I | R92: H | T92: H | U92: H | V92: H | W92: I | X92: H | Y92: H | AA92: H | AB92: H | AC92: H | AD92: I | AL92: =COUNTIF(H92:AK92,"H") -> 14 | AM92: =COUNTIF(H92:AK92,"S") -> 0 | AN92: =COUNTIF(H92:AK92,"I") -> 3 | AO92: =COUNTIF(H92:AK92,"C") -> 0 | AP92: =COUNTIF(H92:AK92,"CB") -> 0 | AQ92: =COUNTIF(H92:AK92,"DL") -> 0 | AR92: =COUNTIF(H92:AK92,"IB") -> 0 | AS92: =COUNTIF(H92:AK92,"TK") -> 0
A93: 24 | B93: Yuni Kristiani, SH S.Tr.Keb., Bdn.MM | C93: 19770605 200701 2 023 | D93: Penata Muda Tk.I/ III.b | E93: F | F93: Bidan Pertama | H93: H | I93: H | K93: H | M93: H | N93: I | O93: H | P93: H | Q93: H | R93: H | T93: H | U93: H | V93: H | W93: H | X93: H | Y93: H | AA93: H | AB93: H | AC93: H | AD93: H | AE93: H | AF93: H | AH93: H | AI93: H | AJ93: H | AK93: H | AL93: =COUNTIF(H93:AK93,"H") -> 24 | AM93: =COUNTIF(H93:AK93,"S") -> 0 | AN93: =COUNTIF(H93:AK93,"I") -> 1 | AO93: =COUNTIF(H93:AK93,"C") -> 0 | AP93: =COUNTIF(H93:AK93,"CB") -> 0 | AQ93: =COUNTIF(H93:AK93,"DL") -> 0 | AR93: =COUNTIF(H93:AK93,"IB") -> 0 | AS93: =COUNTIF(H93:AK93,"TK") -> 0
A94: 25 | B94: Saptiningsih, S.Tr.Keb | C94: 19750624 200604 2 021 | D94: Penata Muda Tk.I/ III.b | E94: F | F94: Bidan Mahir | H94: H | I94: H | M94: I | N94: H | O94: H | P94: H | Q94: H | R94: IB | V94: H | W94: H | X94: H | Y94: H | AA94: H | AB94: H | AC94: H | AD94: H | AE94: H | AF94: H | AH94: H | AI94: H | AJ94: H | AK94: H | AL94: =COUNTIF(H94:AK94,"H") -> 20 | AM94: =COUNTIF(H94:AK94,"S") -> 0 | AN94: =COUNTIF(H94:AK94,"I") -> 1 | AO94: =COUNTIF(H94:AK94,"C") -> 0 | AP94: =COUNTIF(H94:AK94,"CB") -> 0 | AQ94: =COUNTIF(H94:AK94,"DL") -> 0 | AR94: =COUNTIF(H94:AK94,"IB") -> 1 | AS94: =COUNTIF(H94:AK94,"TK") -> 0
A95: 26 | B95: Syarifah Nurul Huda, S.K.M.,M.M | C95: 19940420 201903 2 013 | D95: Penata Muda Tk.I/ III.b | E95: F | F95: Penyuluh Kesmas Ahli Muda | H95: H | I95: H | K95: H | M95: H | N95: H | O95: H | P95: H | Q95: H | R95: H | T95: H | U95: H | V95: H | W95: H | X95: H | Y95: H | AA95: H | AB95: H | AC95: H | AD95: H | AE95: H | AF95: H | AH95: H | AI95: H | AJ95: H | AK95: H | AL95: =COUNTIF(H95:AK95,"H") -> 25 | AM95: =COUNTIF(H95:AK95,"S") -> 0 | AN95: =COUNTIF(H95:AK95,"I") -> 0 | AO95: =COUNTIF(H95:AK95,"C") -> 0 | AP95: =COUNTIF(H95:AK95,"CB") -> 0 | AQ95: =COUNTIF(H95:AK95,"DL") -> 0 | AR95: =COUNTIF(H95:AK95,"IB") -> 0 | AS95: =COUNTIF(H95:AK95,"TK") -> 0
A96: 27 | B96: Pahliana Mulida, A.Md. Farm | C96: 19871110 200903 2 006 | D96: Penata Muda/ III.a | E96: F | F96: Asisten Apoteker Mahir | H96: H | I96: H | K96: H | M96: H | N96: H | O96: H | P96: H | Q96: H | R96: H | T96: H | U96: H | V96: H | W96: H | X96: H | Y96: H | AA96: H | AB96: H | AC96: I | AD96: H | AE96: H | AF96: H | AI96: H | AJ96: H | AK96: I | AL96: =COUNTIF(H96:AK96,"H") -> 22 | AM96: =COUNTIF(H96:AK96,"S") -> 0 | AN96: =COUNTIF(H96:AK96,"I") -> 2 | AO96: =COUNTIF(H96:AK96,"C") -> 0 | AP96: =COUNTIF(H96:AK96,"CB") -> 0 | AQ96: =COUNTIF(H96:AK96,"DL") -> 0 | AR96: =COUNTIF(H96:AK96,"IB") -> 0 | AS96: =COUNTIF(H96:AK96,"TK") -> 0 | AT96: 15
A97: 28 | B97: Annisa Soraya, S.Tr.Keb | C97: 19880320 201704 2 004 | D97: Penata Muda/ III.a | E97: F | F97: Bidan Mahir | H97: H | I97: H | K97: H | M97: DL | N97: H | O97: H | P97: H | Q97: DL | R97: I | T97: H | U97: H | V97: H | W97: H | X97: H | Y97: H | AA97: H | AB97: DL | AC97: H | AD97: H | AE97: H | AF97: H | AH97: H | AI97: H | AJ97: H | AK97: H | AL97: =COUNTIF(H97:AK97,"H") -> 21 | AM97: =COUNTIF(H97:AK97,"S") -> 0 | AN97: =COUNTIF(H97:AK97,"I") -> 1 | AO97: =COUNTIF(H97:AK97,"C") -> 0 | AP97: =COUNTIF(H97:AK97,"CB") -> 0 | AQ97: =COUNTIF(H97:AK97,"DL") -> 3 | AR97: =COUNTIF(H97:AK97,"IB") -> 0 | AS97: =COUNTIF(H97:AK97,"TK") -> 0
A98: 29 | B98: Yulia Nasari, AM. Keb | C98: 19890310 201704 2 002 | D98: Penata Muda/ III.a | E98: F | F98: Bidan Mahir | H98: H | I98: H | K98: H | M98: H | N98: H | O98: H | P98: H | Q98: H | R98: H | T98: H | U98: H | V98: H | W98: H | X98: H | Y98: H | AA98: H | AB98: H | AC98: H | AD98: H | AE98: H | AF98: H | AH98: H | AI98: H | AJ98: H | AK98: H | AL98: =COUNTIF(H98:AK98,"H") -> 25 | AM98: =COUNTIF(H98:AK98,"S") -> 0 | AN98: =COUNTIF(H98:AK98,"I") -> 0 | AO98: =COUNTIF(H98:AK98,"C") -> 0 | AP98: =COUNTIF(H98:AK98,"CB") -> 0 | AQ98: =COUNTIF(H98:AK98,"DL") -> 0 | AR98: =COUNTIF(H98:AK98,"IB") -> 0 | AS98: =COUNTIF(H98:AK98,"TK") -> 0
A99: 30 | B99: Faridhatul Maulia, A.Md.Kep | C99: 19970724 202012 2 025 | D99: Pengatur Tk. I / II.d | E99: F | F99: Perawat Terampil | H99: DL | I99: DL | K99: IB | M99: DL | N99: H | O99: H | P99: H | Q99: H | R99: IB | T99: H | U99: H | V99: H | W99: H | X99: H | Y99: H | AA99: H | AB99: H | AC99: H | AD99: H | AE99: H | AF99: IB | AH99: H | AI99: H | AJ99: H | AK99: H | AL99: =COUNTIF(H99:AK99,"H") -> 19 | AM99: =COUNTIF(H99:AK99,"S") -> 0 | AN99: =COUNTIF(H99:AK99,"I") -> 0 | AO99: =COUNTIF(H99:AK99,"C") -> 0 | AP99: =COUNTIF(H99:AK99,"CB") -> 0 | AQ99: =COUNTIF(H99:AK99,"DL") -> 3 | AR99: =COUNTIF(H99:AK99,"IB") -> 3 | AS99: =COUNTIF(H99:AK99,"TK") -> 0 | AT99: 15
A100: 31 | B100: Nikmatul Husna, S.Tr.Keb | C100: 19900515 201903 2 011 | D100: Penata Muda/ III.a | E100: F | F100: Bidan Mahir | H100: H | I100: H | K100: H | M100: H | N100: H | O100: H | P100: H | Q100: H | R100: H | T100: H | U100: H | V100: H | W100: H | X100: H | Y100: H | AA100: H | AB100: H | AC100: H | AD100: H | AE100: H | AF100: H | AH100: H | AI100: H | AJ100: H | AK100: H | AL100: =COUNTIF(H100:AK100,"H") -> 25 | AM100: =COUNTIF(H100:AK100,"S") -> 0 | AN100: =COUNTIF(H100:AK100,"I") -> 0 | AO100: =COUNTIF(H100:AK100,"C") -> 0 | AP100: =COUNTIF(H100:AK100,"CB") -> 0 | AQ100: =COUNTIF(H100:AK100,"DL") -> 0 | AR100: =COUNTIF(H100:AK100,"IB") -> 0 | AS100: =COUNTIF(H100:AK100,"TK") -> 0 | AT100: 4,6,8,9,10,11, 13,15,16,21,22,25,27
A101: 32 | B101: Dewi Harkit Pertiwi A.Md.AK | C101: 19910520202003 2 005 | D101: Pengatur Tk. I / II.d | E101: F | F101: Pranata Laboratorium Pelaksana | H101: H | I101: H | K101: I | M101: H | N101: H | O101: H | P101: H | Q101: H | R101: H | T101: H | U101: H | W101: H | X101: H | Y101: H | AA101: H | AB101: H | AC101: I | AD101: H | AE101: H | AH101: I | AI101: H | AJ101: H | AK101: I | AL101: =COUNTIF(H101:AK101,"H") -> 19 | AM101: =COUNTIF(H101:AK101,"S") -> 0 | AN101: =COUNTIF(H101:AK101,"I") -> 4 | AO101: =COUNTIF(H101:AK101,"C") -> 0 | AP101: =COUNTIF(H101:AK101,"CB") -> 0 | AQ101: =COUNTIF(H101:AK101,"DL") -> 0 | AR101: =COUNTIF(H101:AK101,"IB") -> 0 | AS101: =COUNTIF(H101:AK101,"TK") -> 0 | AT101: 7,18,
A102: 33 | B102: Devi Fitri Patimah, A.Md.RMIK | C102: 19931218 202203 2 004 | D102: Pengatur / II.c | E102: F | F102: Perekam Medis Terampil | H102: H | I102: H | K102: H | M102: H | O102: H | P102: H | Q102: H | R102: H | T102: H | U102: H | V102: H | W102: H | X102: H | Y102: H | AB102: H | AC102: H | AD102: H | AF102: H | AH102: DL | AI102: H | AJ102: I | AK102: H | AL102: =COUNTIF(H102:AK102,"H") -> 20 | AM102: =COUNTIF(H102:AK102,"S") -> 0 | AN102: =COUNTIF(H102:AK102,"I") -> 1 | AO102: =COUNTIF(H102:AK102,"C") -> 0 | AP102: =COUNTIF(H102:AK102,"CB") -> 0 | AQ102: =COUNTIF(H102:AK102,"DL") -> 1 | AR102: =COUNTIF(H102:AK102,"IB") -> 0 | AS102: =COUNTIF(H102:AK102,"TK") -> 0 | AT102: 2, 4,15,23,
A103: 34 | B103: Husnul Khatimah, A.Md.Gz | C103: 19960912 202421 2 030 | D103: VII | E103: F | F103: Nutrisionis Trampil | H103: H | I103: I | K103: H | M103: H | N103: H | O103: I | P103: I | Q103: I | R103: I | T103: I | U103: I | V103: H | W103: H | X103: H | Y103: H | AA103: H | AB103: H | AC103: H | AD103: I | AE103: H | AF103: I | AH103: I | AI103: H | AJ103: DL | AK103: H | AL103: =COUNTIF(H103:AK103,"H") -> 14 | AM103: =COUNTIF(H103:AK103,"S") -> 0 | AN103: =COUNTIF(H103:AK103,"I") -> 10 | AO103: =COUNTIF(H103:AK103,"C") -> 0 | AP103: =COUNTIF(H103:AK103,"CB") -> 0 | AQ103: =COUNTIF(H103:AK103,"DL") -> 1 | AR103: =COUNTIF(H103:AK103,"IB") -> 0 | AS103: =COUNTIF(H103:AK103,"TK") -> 0 | AT103: 4,7,15,16,17,20,
A104: 35 | B104: Fera Wati, AMd | C104: 19850907 202521 2 018 | D104: VII | E104: F | F104: Pengelola Layanan Operasional | H104: H | I104: H | K104: H | M104: H | N104: H | O104: H | P104: H | Q104: H | R104: H | T104: H | U104: H | W104: H | X104: H | Y104: H | AA104: H | AB104: H | AC104: H | AD104: H | AE104: H | AF104: H | AH104: H | AI104: H | AJ104: H | AK104: H | AL104: =COUNTIF(H104:AK104,"H") -> 24 | AM104: =COUNTIF(H104:AK104,"S") -> 0 | AN104: =COUNTIF(H104:AK104,"I") -> 0 | AO104: =COUNTIF(H104:AK104,"C") -> 0 | AP104: =COUNTIF(H104:AK104,"CB") -> 0 | AQ104: =COUNTIF(H104:AK104,"DL") -> 0 | AR104: =COUNTIF(H104:AK104,"IB") -> 0 | AS104: =COUNTIF(H104:AK104,"TK") -> 0 | AT104: 1,2,4,6,7,8,17
A105: 36 | B105: Deni Yuliandi, AM.KL | C105: 19900730 202521 1 023 | D105: VII | E105: F | F105: Tenaga Sanitasi Lingkungan Terampil | I105: H | K105: H | M105: H | N105: H | O105: H | P105: H | Q105: H | T105: H | U105: H | V105: H | W105: DL | X105: H | Y105: H | AA105: H | AB105: DL | AC105: H | AD105: H | AF105: H | AH105: H | AI105: DL | AJ105: H | AK105: H | AL105: =COUNTIF(H105:AK105,"H") -> 19 | AM105: =COUNTIF(H105:AK105,"S") -> 0 | AN105: =COUNTIF(H105:AK105,"I") -> 0 | AO105: =COUNTIF(H105:AK105,"C") -> 0 | AP105: =COUNTIF(H105:AK105,"CB") -> 0 | AQ105: =COUNTIF(H105:AK105,"DL") -> 3 | AR105: =COUNTIF(H105:AK105,"IB") -> 0 | AS105: =COUNTIF(H105:AK105,"TK") -> 0 | AT105: 13,18,20,23,29
A106: 37 | B106: Rahmi Wulan Sari | C106: 19890809 202521 2 020 | D106: V | E106: F | F106: Pengadministrasian Perkantoran | H106: H | I106: H | M106: H | N106: H | O106: H | P106: H | Q106: H | R106: H | T106: H | U106: H | V106: H | W106: H | X106: H | Y106: H | AA106: H | AB106: H | AC106: H | AD106: H | AE106: H | AF106: H | AH106: H | AI106: H | AJ106: H | AK106: H | AL106: =COUNTIF(H106:AK106,"H") -> 24 | AM106: =COUNTIF(H106:AK106,"S") -> 0 | AN106: =COUNTIF(H106:AK106,"I") -> 0 | AO106: =COUNTIF(H106:AK106,"C") -> 0 | AP106: =COUNTIF(H106:AK106,"CB") -> 0 | AQ106: =COUNTIF(H106:AK106,"DL") -> 0 | AR106: =COUNTIF(H106:AK106,"IB") -> 0 | AS106: =COUNTIF(H106:AK106,"TK") -> 0 | AT106: 1
A107: 38 | B107: Ida Nursanti, A.Mg | C107: 19850814 202521 2 048 | E107: G | F107: Nutrisionis Terampil | H107: I | I107: I | K107: I | M107: I | N107: I | O107: I | P107: H | Q107: I | R107: I | T107: I | U107: I | V107: I | W107: H | X107: H | AA107: I | AB107: I | AC107: I | AE107: H | AF107: I | AH107: H | AI107: I | AJ107: I | AK107: I | AL107: =COUNTIF(H107:AK107,"H") -> 5 | AM107: =COUNTIF(H107:AK107,"S") -> 0 | AN107: =COUNTIF(H107:AK107,"I") -> 18 | AO107: =COUNTIF(H107:AK107,"C") -> 0 | AP107: =COUNTIF(H107:AK107,"CB") -> 0 | AQ107: =COUNTIF(H107:AK107,"DL") -> 0 | AR107: =COUNTIF(H107:AK107,"IB") -> 0 | AS107: =COUNTIF(H107:AK107,"TK") -> 0 | AT107: 9,17,
A108: 39 | B108: Rico Andrianto Utama,AMK | C108: 19900523 202521 1 064 | E108: G | F108: Perawat Terampil | H108: H | I108: I | K108: H | M108: I | N108: DL | P108: I | Q108: I | R108: I | T108: I | U108: I | V108: I | W108: I | X108: I | Y108: I | AB108: I | AC108: H | AD108: I | AE108: I | AF108: I | AH108: I | AJ108: H | AK108: H | AL108: =COUNTIF(H108:AK108,"H") -> 5 | AM108: =COUNTIF(H108:AK108,"S") -> 0 | AN108: =COUNTIF(H108:AK108,"I") -> 16 | AO108: =COUNTIF(H108:AK108,"C") -> 0 | AP108: =COUNTIF(H108:AK108,"DL") -> 1 | AQ108: =COUNTIF(H108:AK108,"CB") -> 0 | AR108: =COUNTIF(H108:AK108,"IB") -> 0 | AS108: =COUNTIF(H108:AK108,"TK") -> 0 | AT108: 1,21,23,24,25,27,28,29
A109: 40 | B109: Laily Nur, S. Keb., Bdn | C109: 19890911 202521 2 055 | E109: G | F109: Bidan Ahli Pertama | H109: H | I109: H | K109: H | M109: H | N109: H | O109: H | P109: H | Q109: H | R109: H | T109: H | U109: H | V109: H | W109: H | X109: H | Y109: H | AA109: H | AB109: H | AC109: H | AD109: H | AE109: H | AF109: H | AH109: H | AI109: H | AJ109: H | AK109: H | AL109: =COUNTIF(H109:AK109,"H") -> 25 | AM109: =COUNTIF(H109:AK109,"S") -> 0 | AN109: =COUNTIF(H109:AK109,"I") -> 0 | AO109: =COUNTIF(H109:AK109,"C") -> 0 | AP109: =COUNTIF(H109:AK109,"DL") -> 0 | AQ109: =COUNTIF(H109:AK109,"CB") -> 0 | AR109: =COUNTIF(H109:AK109,"IB") -> 0 | AS109: =COUNTIF(H109:AK109,"TK") -> 0
A110: 41 | B110: Siti Rahmawati, Am.Keb | C110: 19870516 202521 2 060 | E110: G | F110: Bidan Terampil | H110: H | I110: H | K110: H | M110: H | N110: H | O110: H | P110: H | Q110: H | R110: H | T110: H | U110: H | V110: H | W110: H | X110: H | Y110: H | AA110: H | AB110: H | AC110: H | AD110: H | AE110: H | AF110: H | AH110: H | AI110: H | AJ110: H | AK110: H | AL110: =COUNTIF(H110:AK110,"H") -> 25 | AM110: =COUNTIF(H110:AK110,"S") -> 0 | AN110: =COUNTIF(H110:AK110,"I") -> 0 | AO110: =COUNTIF(H110:AK110,"C") -> 0 | AP110: =COUNTIF(H110:AK110,"DL") -> 0 | AQ110: =COUNTIF(H110:AK110,"CB") -> 0 | AR110: =COUNTIF(H110:AK110,"IB") -> 0 | AS110: =COUNTIF(H110:AK110,"TK") -> 0 | AT110: 6.15
A111: 42 | B111: Sheny Budiarti, S.Si.T | C111: 19930911 202521 2 075 | E111: G | F111: Bidan Ahli Pertama | H111: H | I111: H | K111: H | M111: H | N111: H | O111: H | P111: H | Q111: H | R111: H | T111: H | U111: H | V111: I | W111: H | X111: H | Y111: H | AA111: H | AB111: H | AC111: H | AD111: H | AE111: H | AF111: H | AH111: H | AI111: H | AJ111: H | AK111: H | AL111: =COUNTIF(H111:AK111,"H") -> 24 | AM111: =COUNTIF(H111:AK111,"S") -> 0 | AN111: =COUNTIF(H111:AK111,"I") -> 1 | AO111: =COUNTIF(H111:AK111,"C") -> 0 | AP111: =COUNTIF(H111:AK111,"DL") -> 0 | AQ111: =COUNTIF(H111:AK111,"CB") -> 0 | AR111: =COUNTIF(H111:AK111,"IB") -> 0 | AS111: =COUNTIF(H111:AK111,"TK") -> 0 | AT111: 15
A112: 43 | B112: Setia Rahayu, A.Md. Keb | C112: 19911011 202521 2 058 | E112: G | F112: Bidan Terampil | H112: I | I112: H | K112: I | M112: I | N112: I | O112: I | P112: I | Q112: I | R112: H | T112: I | U112: I | V112: I | X112: I | Y112: I | AA112: I | AB112: I | AD112: H | AE112: H | AF112: I | AH112: H | AI112: H | AJ112: H | AK112: H | AL112: =COUNTIF(H112:AK112,"H") -> 8 | AM112: =COUNTIF(H112:AK112,"S") -> 0 | AN112: =COUNTIF(H112:AK112,"I") -> 15 | AO112: =COUNTIF(H112:AK112,"C") -> 0 | AP112: =COUNTIF(H112:AK112,"DL") -> 0 | AQ112: =COUNTIF(H112:AK112,"CB") -> 0 | AR112: =COUNTIF(H112:AK112,"IB") -> 0 | AS112: =COUNTIF(H112:AK112,"TK") -> 0
A113: 44 | B113: Eka Maulida Putri, A.Md.Keb | C113: 19940905 202521 2 064 | E113: G | F113: Bidan Terampil | H113: I | I113: H | K113: I | M113: I | N113: H | O113: H | P113: I | Q113: I | R113: I | T113: I | AH113: I | AI113: I | AJ113: I | AK113: I | AL113: =COUNTIF(H113:AK113,"H") -> 3 | AM113: =COUNTIF(H113:AK113,"S") -> 0 | AN113: =COUNTIF(H113:AK113,"I") -> 11 | AO113: =COUNTIF(H113:AK113,"C") -> 0 | AP113: =COUNTIF(H113:AK113,"DL") -> 0 | AQ113: =COUNTIF(H113:AK113,"CB") -> 0 | AR113: =COUNTIF(H113:AK113,"IB") -> 0 | AS113: =COUNTIF(H113:AK113,"TK") -> 0
A114: 45 | B114: Latipah | C114: 19890310 202521 2 096 | E114: G | F114: Operator Layanan Operasional | H114: H | I114: H | K114: H | M114: H | N114: H | O114: H | P114: H | Q114: H | R114: H | T114: H | V114: H | W114: H | X114: H | Y114: H | AA114: H | AB114: H | AD114: H | AE114: H | AF114: H | AH114: H | AI114: H | AJ114: H | AK114: H | AL114: =COUNTIF(H114:AK114,"H") -> 23 | AM114: =COUNTIF(H114:AK114,"S") -> 0 | AN114: =COUNTIF(H114:AK114,"I") -> 0 | AO114: =COUNTIF(H114:AK114,"C") -> 0 | AP114: =COUNTIF(H114:AK114,"DL") -> 0 | AQ114: =COUNTIF(H114:AK114,"CB") -> 0 | AR114: =COUNTIF(H114:AK114,"IB") -> 0 | AS114: =COUNTIF(H114:AK114,"TK") -> 0
A115: 46 | B115: Agus Rahmat | C115: 19760804 202521 1 042 | E115: G | F115: Operator Layanan Operasional | H115: H | I115: H | K115: H | M115: H | N115: H | O115: H | P115: H | Q115: H | R115: H | T115: H | U115: H | V115: H | W115: H | X115: H | Y115: H | AB115: H | AC115: H | AD115: H | AE115: H | AF115: H | AH115: H | AI115: H | AJ115: H | AK115: H | AL115: =COUNTIF(H115:AK115,"H") -> 24 | AM115: =COUNTIF(H115:AK115,"S") -> 0 | AN115: =COUNTIF(H115:AK115,"I") -> 0 | AO115: =COUNTIF(H115:AK115,"C") -> 0 | AP115: =COUNTIF(H115:AK115,"DL") -> 0 | AQ115: =COUNTIF(H115:AK115,"CB") -> 0 | AR115: =COUNTIF(H115:AK115,"IB") -> 0 | AS115: =COUNTIF(H115:AK115,"TK") -> 0
A116: 47 | B116: Yudi Rahman | C116: 19910928 202521 1 047 | E116: G | F116: Operator Layanan Operasional | H116: H | I116: H | K116: H | M116: H | N116: H | O116: H | P116: H | Q116: H | R116: H | T116: H | U116: H | V116: H | W116: H | X116: H | Y116: H | AA116: H | AB116: H | AC116: H | AD116: H | AE116: H | AF116: H | AH116: H | AI116: H | AJ116: H | AK116: H | AL116: =COUNTIF(H116:AK116,"H") -> 25 | AM116: =COUNTIF(H116:AK116,"S") -> 0 | AN116: =COUNTIF(H116:AK116,"I") -> 0 | AO116: =COUNTIF(H116:AK116,"C") -> 0 | AP116: =COUNTIF(H116:AK116,"DL") -> 0 | AQ116: =COUNTIF(H116:AK116,"CB") -> 0 | AR116: =COUNTIF(H116:AK116,"IB") -> 0 | AS116: =COUNTIF(H116:AK116,"TK") -> 0
A117: 48 | B117: Yasirwan | C117: 19830322 202521 1 047 | E117: G | F117: Operator Layanan Operasional | H117: I | I117: I | K117: I | M117: H | N117: H | O117: H | P117: H | Q117: H | R117: H | T117: H | U117: H | V117: H | W117: H | X117: H | AA117: H | AB117: H | AC117: H | AD117: H | AE117: H | AF117: H | AH117: H | AI117: H | AJ117: H | AK117: H | AL117: =COUNTIF(H117:AK117,"H") -> 21 | AM117: =COUNTIF(H117:AK117,"S") -> 0 | AN117: =COUNTIF(H117:AK117,"I") -> 3 | AO117: =COUNTIF(H117:AK117,"C") -> 0 | AP117: =COUNTIF(H117:AK117,"DL") -> 0 | AQ117: =COUNTIF(H117:AK117,"CB") -> 0 | AR117: =COUNTIF(H117:AK117,"IB") -> 0 | AS117: =COUNTIF(H117:AK117,"TK") -> 0 | AT117: 7,8,13,28,29
A118: 49 | B118: Abdul Ghoni Zean, A.Md.Kom | C118: - | D118: PTT BLUD | E118: G | F118: Tenaga Teknologi Informasi | H118: H | I118: H | K118: H | M118: H | N118: H | O118: H | P118: H | Q118: H | R118: H | T118: H | U118: H | V118: H | W118: H | X118: H | Y118: H | AA118: H | AB118: H | AC118: H | AD118: H | AE118: H | AF118: H | AH118: H | AI118: H | AJ118: H | AK118: H | AL118: =COUNTIF(H118:AK118,"H") -> 25 | AM118: =COUNTIF(H118:AK118,"S") -> 0 | AN118: =COUNTIF(H118:AK118,"I") -> 0 | AO118: =COUNTIF(H118:AK118,"C") -> 0 | AP118: =COUNTIF(H118:AK118,"DL") -> 0 | AQ118: =COUNTIF(H118:AK118,"CB") -> 0 | AR118: =COUNTIF(H118:AK118,"IB") -> 0 | AS118: =COUNTIF(H118:AK118,"TK") -> 0 | AT118: 13,14,15,16,21,22,29,30
A119: 50 | B119: Salmiyah, A.Md.Ak | C119: - | D119: PTT BLUD | E119: G | F119: Tenaga Keuangan | H119: H | I119: H | K119: H | M119: H | N119: H | O119: H | P119: H | Q119: H | R119: H | T119: H | U119: H | V119: H | W119: H | X119: H | Y119: H | AA119: H | AB119: H | AD119: H | AE119: H | AF119: H | AH119: H | AI119: H | AJ119: H | AK119: H | AL119: =COUNTIF(H119:AK119,"H") -> 24 | AM119: =COUNTIF(H119:AK119,"S") -> 0 | AN119: =COUNTIF(H119:AK119,"I") -> 0 | AO119: =COUNTIF(H119:AK119,"C") -> 0 | AP119: =COUNTIF(H119:AK119,"DL") -> 0 | AQ119: =COUNTIF(H119:AK119,"CB") -> 0 | AR119: =COUNTIF(H119:AK119,"IB") -> 0 | AS119: =COUNTIF(H119:AK119,"TK") -> 0 | AT119: 15.28
AL120: Pelaihari, 30 April 2026
F122: Kepala Puskesmas Angsau | AL122: Pembuat Daftar
F126: Iswati, S.ST | AL126: Fera Wati, A.Md
F127: NIP.19691009 199011 2 001 | AL127: NIP. 19850907 2025212 018
B128: REKAPITULASI ABSENSI KEHADIRAN, APEL PAGI DAN APEL SIANG STAF UPTD. PKM ANGSAU
B129: DINAS / BADAN / KANTOR PUSKESMAS ANGSAU
B130: BULAN APRIL 2026
A131: NO | B131: NAMA | D131: PANGKAT / | E131: ST / S / F | F131: JABATAN | H131: 46113 | AL131: REKAP APEL SIANG | AT131: KETERANGAN
...

Sheet Rekap Bulanan
A2: NO | B2: NAMA | D2: PANGKAT / | E2: ST / S / F | F2: JABATAN | H2: REKAP KEHADIRAN | AF2: REKAP TIDAK APEL PAGI+ APEL SIANG
D3: GOLONGAN | G3: Januari | H3: 1 | I3: Pebruari | J3: 2 | K3: Maret | L3: 3 | M3: April | N3: 4 | O3: Mei | P3: 5 | Q3: Juni | R3: 6 | S3: Juli | T3: 7 | U3: Agustus | V3: 8 | W3: September | X3: 9 | Y3: Oktober | Z3: 10 | AA3: Nopember | AB3: 11 | AC3: Desember | AD3: 12 | AF3: 1 | AG3: 2 | AH3: 3 | AI3: 4 | AJ3: 5 | AK3: 6 | AL3: 7 | AM3: 8 | AN3: 9 | AO3: 10 | AP3: 11 | AQ3: 12
A5: 1 | B5: =#REF! -> #REF! | C5: =#REF! -> #REF! | D5: =#REF! -> #REF! | E5: =#REF! -> #REF! | F5: =#REF! -> #REF! | G5: =#REF! -> #REF! | I5: =#REF! -> #REF! | K5: =#REF! -> #REF! | M5: =#REF! -> #REF! | O5: =#REF! -> #REF! | Q5: =#REF! -> #REF! | S5: =#REF! -> #REF! | U5: =#REF! -> #REF! | W5: =#REF! -> #REF! | Y5: =#REF! -> #REF! | Z5: =#REF! -> #REF! | AA5: =#REF! -> #REF! | AB5: =#REF! -> #REF! | AC5: =#REF! -> #REF! | AD5: =#REF! -> #REF! | AF5: =#REF! -> #REF! | AG5: =#REF! -> #REF! | AH5: =#REF! -> #REF! | AI5: =#REF! -> #REF! | AJ5: =#REF! -> #REF! | AK5: =#REF! -> #REF!
A6: 2 | B6: =#REF! -> #REF! | C6: =#REF! -> #REF! | D6: =#REF! -> #REF! | E6: =#REF! -> #REF! | F6: =#REF! -> #REF! | G6: =#REF! -> #REF! | H6: =#REF! -> #REF! | I6: =#REF! -> #REF! | ... AD6: =#REF! -> #REF! | AF6: =#REF! -> #REF! | AG6: =#REF! -> #REF! | AH6: =#REF! -> #REF! | AI6: =#REF! -> #REF! | AJ6: =#REF! -> #REF! | AK6: =#REF! -> #REF!
A7: 3 | B7: =#REF! -> #REF! | C7: =#REF! -> #REF! | D7: =#REF! -> #REF! | E7: =#REF! -> #REF! | F7: =#REF! -> #REF! | G7: =#REF! -> #REF! | H7: =#REF! -> #REF! | I7: =#REF! -> #REF! | ... AD7: =#REF! -> #REF! | AF7: =#REF! -> #REF! | AG7: =#REF! -> #REF! | AH7: =#REF! -> #REF! | AI7: =#REF! -> #REF! | AJ7: =#REF! -> #REF! | AK7: =#REF! -> #REF!
A8: 4 | B8: =#REF! -> #REF! | C8: =#REF! -> #REF! | D8: =#REF! -> #REF! | E8: =#REF! -> #REF! | F8: =#REF! -> #REF! | G8: =#REF! -> #REF! | H8: =#REF! -> #REF! | I8: =#REF! -> #REF! | ... AD8: =#REF! -> #REF! | AF8: =#REF! -> #REF! | AG8: =#REF! -> #REF! | AH8: =#REF! -> #REF! | AI8: =#REF! -> #REF! | AJ8: =#REF! -> #REF! | AK8: =#REF! -> #REF!
A9: 5 | B9: =#REF! -> #REF! | C9: =#REF! -> #REF! | D9: =#REF! -> #REF! | E9: =#REF! -> #REF! | F9: =#REF! -> #REF! | G9: =#REF! -> #REF! | H9: =#REF! -> #REF! | I9: =#REF! -> #REF! | ... AD9: =#REF! -> #REF! | AF9: =#REF! -> #REF! | AG9: =#REF! -> #REF! | AH9: =#REF! -> #REF! | AI9: =#REF! -> #REF! | AJ9: =#REF! -> #REF! | AK9: =#REF! -> #REF!
A10: 6 | B10: =#REF! -> #REF! | C10: =#REF! -> #REF! | D10: =#REF! -> #REF! | E10: =#REF! -> #REF! | F10: =#REF! -> #REF! | G10: =#REF! -> #REF! | H10: =#REF! -> #REF! | I10: =#REF! -> #REF! | ... AD10: =#REF! -> #REF! | AF10: =#REF! -> #REF! | AG10: =#REF! -> #REF! | AH10: =#REF! -> #REF! | AI10: =#REF! -> #REF! | AJ10: =#REF! -> #REF! | AK10: =#REF! -> #REF!
A11: 7 | B11: =#REF! -> #REF! | C11: =#REF! -> #REF! | D11: =#REF! -> #REF! | E11: =#REF! -> #REF! | F11: =#REF! -> #REF! | G11: =#REF! -> #REF! | H11: =#REF! -> #REF! | I11: =#REF! -> #REF! | ... AD11: =#REF! -> #REF! | AF11: =#REF! -> #REF! | AG11: =#REF! -> #REF! | AH11: =#REF! -> #REF! | AI11: =#REF! -> #REF! | AJ11: =#REF! -> #REF! | AK11: =#REF! -> #REF!
A12: 8 | B12: =#REF! -> #REF! | C12: =#REF! -> #REF! | D12: =#REF! -> #REF! | E12: =#REF! -> #REF! | F12: =#REF! -> #REF! | G12: =#REF! -> #REF! | H12: =#REF! -> #REF! | I12: =#REF! -> #REF! | ... AD12: =#REF! -> #REF! | AF12: =#REF! -> #REF! | AG12: =#REF! -> #REF! | AH12: =#REF! -> #REF! | AI12: =#REF! -> #REF! | AJ12: =#REF! -> #REF! | AK12: =#REF! -> #REF!
A13: 9 | B13: =#REF! -> #REF! | C13: =#REF! -> #REF! | D13: =#REF! -> #REF! | E13: =#REF! -> #REF! | F13: =#REF! -> #REF! | G13: =#REF! -> #REF! | H13: =#REF! -> #REF! | I13: =#REF! -> #REF! | ... AD13: =#REF! -> #REF! | AF13: =#REF! -> #REF! | AG13: =#REF! -> #REF! | AH13: =#REF! -> #REF! | AI13: =#REF! -> #REF! | AJ13: =#REF! -> #REF! | AK13: =#REF! -> #REF!
A14: 10 | B14: =#REF! -> #REF! | C14: =#REF! -> #REF! | D14: =#REF! -> #REF! | E14: =#REF! -> #REF! | F14: =#REF! -> #REF! | G14: =#REF! -> #REF! | H14: =#REF! -> #REF! | I14: =#REF! -> #REF! | ... AD14: =#REF! -> #REF! | AF14: =#REF! -> #REF! | AG14: =#REF! -> #REF! | AH14: =#REF! -> #REF! | AI14: =#REF! -> #REF! | AJ14: =#REF! -> #REF! | AK14: =#REF! -> #REF!
A15: 11 | B15: =#REF! -> #REF! | C15: =#REF! -> #REF! | D15: =#REF! -> #REF! | E15: =#REF! -> #REF! | F15: =#REF! -> #REF! | G15: =#REF! -> #REF! | H15: =#REF! -> #REF! | I15: =#REF! -> #REF! | ... AD15: =#REF! -> #REF! | AF15: =#REF! -> #REF! | AG15: =#REF! -> #REF! | AH15: =#REF! -> #REF! | AI15: =#REF! -> #REF! | AJ15: =#REF! -> #REF! | AK15: =#REF! -> #REF!
A16: 12 | B16: =#REF! -> #REF! | C16: =#REF! -> #REF! | D16: =#REF! -> #REF! | E16: =#REF! -> #REF! | F16: =#REF! -> #REF! | G16: =#REF! -> #REF! | H16: =#REF! -> #REF! | I16: =#REF! -> #REF! | ... AD16: =#REF! -> #REF! | AF16: =#REF! -> #REF! | AG16: =#REF! -> #REF! | AH16: =#REF! -> #REF! | AI16: =#REF! -> #REF! | AJ16: =#REF! -> #REF! | AK16: =#REF! -> #REF!
A17: 13 | B17: =#REF! -> #REF! | C17: =#REF! -> #REF! | D17: =#REF! -> #REF! | E17: =#REF! -> #REF! | F17: =#REF! -> #REF! | G17: =#REF! -> #REF! | H17: =#REF! -> #REF! | I17: =#REF! -> #REF! | ... AD17: =#REF! -> #REF! | AF17: =#REF! -> #REF! | AG17: =#REF! -> #REF! | AH17: =#REF! -> #REF! | AI17: =#REF! -> #REF! | AJ17: =#REF! -> #REF! | AK17: =#REF! -> #REF!
... A39: 35 | B39: =#REF! -> #REF! | C39: =#REF! -> #REF! | D39: =#REF! -> #REF! | E39: =#REF! -> #REF! | F39: =#REF! -> #REF! | G39: =#REF! -> #REF! | H39: =#REF! -> #REF! | I39: =#REF! -> #REF! | ... AD39: =#REF! -> #REF! | AF39: =#REF! -> #REF! | AG39: =#REF! -> #REF! | AH39: =#REF! -> #REF! | AI39: =#REF! -> #REF! | AJ39: =#REF! -> #REF! | AK39: =#REF! -> #REF!
A40: 36 | B40: dr. Mochamad Faisal Bayu Pratomo | G40: =#REF! -> #REF! | H40: =#REF! -> #REF! | I40: =#REF! -> #REF! | J40: =#REF! -> #REF! | K40: =#REF! -> #REF! | L40: =#REF! -> #REF! | M40: =#REF! -> #REF! | N40: =#REF! -> #REF! | ... AD40: =#REF! -> #REF! | AF40: =#REF! -> #REF! | AG40: =#REF! -> #REF! | AH40: =#REF! -> #REF! | AI40: =#REF! -> #REF! | AJ40: =#REF! -> #REF! | AK40: =#REF! -> #REF!
A41: 37 | B41: =#REF! -> #REF! | C41: =#REF! -> #REF! | D41: =#REF! -> #REF! | E41: =#REF! -> #REF! | F41: =#REF! -> #REF! | G41: =#REF! -> #REF! | H41: =#REF! -> #REF! | I41: =#REF! -> #REF! | ... AD41: =#REF! -> #REF! | AF41: =#REF! -> #REF! | AG41: =#REF! -> #REF! | AH41: =#REF! -> #REF! | AI41: =#REF! -> #REF! | AJ41: =#REF! -> #REF! | AK41: =#REF! -> #REF!
A42: 38 | B42: =#REF! -> #REF! | C42: =#REF! -> #REF! | D42: =#REF! -> #REF! | E42: =#REF! -> #REF! | F42: =#REF! -> #REF! | G42: =#REF! -> #REF! | H42: =#REF! -> #REF! | I42: =#REF! -> #REF! | ... AD42: =#REF! -> #REF! | AF42: =#REF! -> #REF! | AG42: =#REF! -> #REF! | AH42: =#REF! -> #REF! | AI42: =#REF! -> #REF! | AJ42: =#REF! -> #REF! | AK42: =#REF! -> #REF!
A43: 39 | B43: =#REF! -> #REF! | C43: =#REF! -> #REF! | D43: =#REF! -> #REF! | E43: =#REF! -> #REF! | F43: =#REF! -> #REF! | G43: =#REF! -> #REF! | H43: =#REF! -> #REF! | I43: =#REF! -> #REF! | ... AD43: =#REF! -> #REF! | AF43: =#REF! -> #REF! | AG43: =#REF! -> #REF! | AH43: =#REF! -> #REF! | AI43: =#REF! -> #REF! | AJ43: =#REF! -> #REF! | AK43: =#REF! -> #REF!
A44: 40 | B44: =#REF! -> #REF! | C44: =#REF! -> #REF! | D44: =#REF! -> #REF! | E44: =#REF! -> #REF! | F44: =#REF! -> #REF! | G44: =#REF! -> #REF! | H44: =#REF! -> #REF! | I44: =#REF! -> #REF! | ... AD44: =#REF! -> #REF! | AF44: =#REF! -> #REF! | AG44: =#REF! -> #REF! | AH44: =#REF! -> #REF! | AI44: =#REF! -> #REF! | AJ44: =#REF! -> #REF! | AK44: =#REF! -> #REF!
A45: 41 | B45: =#REF! -> #REF! | C45: =#REF! -> #REF! | D45: =#REF! -> #REF! | E45: =#REF! -> #REF! | F45: =#REF! -> #REF! | G45: =#REF! -> #REF! | H45: =#REF! -> #REF! | I45: =#REF! -> #REF! | ... AD45: =#REF! -> #REF! | AF45: =#REF! -> #REF! | AG45: =#REF! -> #REF! | AH45: =#REF! -> #REF! | AI45: =#REF! -> #REF! | AJ45: =#REF! -> #REF! | AK45: =#REF! -> #REF!
A46: 42 | B46: =#REF! -> #REF! | C46: =#REF! -> #REF! | D46: =#REF! -> #REF! | E46: =#REF! -> #REF! | F46: =#REF! -> #REF! | G46: =#REF! -> #REF! | H46: =#REF! -> #REF! | I46: =#REF! -> #REF! | ... AD46: =#REF! -> #REF! | AF46: =#REF! -> #REF! | AG46: =#REF! -> #REF! | AH46: =#REF! -> #REF! | AI46: =#REF! -> #REF! | AJ46: =#REF! -> #REF! | AK46: =#REF! -> #REF!
A47: 43 | B47: =#REF! -> #REF! | C47: =#REF! -> #REF! | D47: =#REF! -> #REF! | E47: =#REF! -> #REF! | F47: =#REF! -> #REF! | G47: =#REF! -> #REF! | H47: =#REF! -> #REF! | I47: =#REF! -> #REF! | ... AD47: =#REF! -> #REF! | AF47: =#REF! -> #REF! | AG47: =#REF! -> #REF! | AH47: =#REF! -> #REF! | AI47: =#REF! -> #REF! | AJ47: =#REF! -> #REF! | AK47: =#REF! -> #REF!
A48: 44 | B48: =#REF! -> #REF! | C48: =#REF! -> #REF! | D48: =#REF! -> #REF! | E48: =#REF! -> #REF! | F48: =#REF! -> #REF! | G48: =#REF! -> #REF! | H48: =#REF! -> #REF! | I48: =#REF! -> #REF! | ... AD48: =#REF! -> #REF! | AF48: =#REF! -> #REF! | AG48: =#REF! -> #REF! | AH48: =#REF! -> #REF! | AI48: =#REF! -> #REF! | AJ48: =#REF! -> #REF! | AK48: =#REF! -> #REF!
A49: 45 | B49: =#REF! -> #REF! | C49: =#REF! -> #REF! | D49: =#REF! -> #REF! | E49: =#REF! -> #REF! | F49: =#REF! -> #REF! | G49: =#REF! -> #REF! | I49: =#REF! -> #REF! | K49: =#REF! -> #REF! | M49: =#REF! -> #REF! | O49: =#REF! -> #REF! | Q49: =#REF! -> #REF! | S49: =#REF! -> #REF! | U49: =#REF! -> #REF! | W49: =#REF! -> #REF! | Y49: =#REF! -> #REF! | Z49: =#REF! -> #REF! | AA49: =#REF! -> #REF! | AB49: =#REF! -> #REF! | AC49: =#REF! -> #REF! | AD49: =#REF! -> #REF! | AF49: =#REF! -> #REF! | AG49: =#REF! -> #REF! | AH49: =#REF! -> #REF! | AI49: =#REF! -> #REF! | AJ49: =#REF! -> #REF! | AK49: =#REF! -> #REF!
A50: 46 | B50: =#REF! -> #REF! | C50: =#REF! -> #REF! | D50: =#REF! -> #REF! | E50: =#REF! -> #REF! | F50: =#REF! -> #REF! | G50: =#REF! -> #REF! | H50: =#REF! -> #REF! | I50: =#REF! -> #REF! | ... AD50: =#REF! -> #REF! | AF50: =#REF! -> #REF! | AG50: =#REF! -> #REF! | AH50: =#REF! -> #REF! | AI50: =#REF! -> #REF! | AJ50: =#REF! -> #REF! | AK50: =#REF! -> #REF!
A51: 47 | B51: =#REF! -> #REF! | C51: =#REF! -> #REF! | D51: =#REF! -> #REF! | E51: =#REF! -> #REF! | F51: =#REF! -> #REF! | G51: =#REF! -> #REF! | H51: =#REF! -> #REF! | I51: =#REF! -> #REF! | ... AD51: =#REF! -> #REF! | AF51: =#REF! -> #REF! | AG51: =#REF! -> #REF! | AH51: =#REF! -> #REF! | AI51: =#REF! -> #REF! | AJ51: =#REF! -> #REF! | AK51: =#REF! -> #REF!
A52: 48 | B52: =#REF! -> #REF! | C52: =#REF! -> #REF! | D52: =#REF! -> #REF! | E52: =#REF! -> #REF! | F52: =#REF! -> #REF! | G52: =#REF! -> #REF! | H52: =#REF! -> #REF! | I52: =#REF! -> #REF! | ... AD52: =#REF! -> #REF! | AF52: =#REF! -> #REF! | AG52: =#REF! -> #REF! | AH52: =#REF! -> #REF! | AI52: =#REF! -> #REF! | AJ52: =#REF! -> #REF! | AK52: =#REF! -> #REF!
A53: 49 | B53: =#REF! -> #REF! | C53: =#REF! -> #REF! | D53: =#REF! -> #REF! | E53: =#REF! -> #REF! | F53: =#REF! -> #REF! | G53: =#REF! -> #REF! | H53: =#REF! -> #REF! | I53: =#REF! -> #REF! | ... AD53: =#REF! -> #REF! | AF53: =#REF! -> #REF! | AG53: =#REF! -> #REF! | AH53: =#REF! -> #REF! | AI53: =#REF! -> #REF! | AJ53: =#REF! -> #REF! | AK53: =#REF! -> #REF!
A54: 50 | B54: =#REF! -> #REF! | C54: =#REF! -> #REF! | D54: =#REF! -> #REF! | E54: =#REF! -> #REF! | F54: =#REF! -> #REF! | G54: =#REF! -> #REF! | H54: =#REF! -> #REF! | I54: =#REF! -> #REF! | ... AD54: =#REF! -> #REF! | AF54: =#REF! -> #REF! | AG54: =#REF! -> #REF! | AH54: =#REF! -> #REF! | AI54: =#REF! -> #REF! | AJ54: =#REF! -> #REF! | AK54: =#REF! -> #REF!
A55: 51 | B55: =#REF! -> #REF! | C55: =#REF! -> #REF! | D55: =#REF! -> #REF! | E55: =#REF! -> #REF! | F55: =#REF! -> #REF! | G55: =#REF! -> #REF! | H55: =#REF! -> #REF! | I55: =#REF! -> #REF! | ... AD55: =#REF! -> #REF! | AF55: =#REF! -> #REF! | AG55: =#REF! -> #REF! | AH55: =#REF! -> #REF! | AI55: =#REF! -> #REF! | AJ55: =#REF! -> #REF! | AK55: =#REF! -> #REF!
B56: =#REF! -> #REF! | C56: =#REF! -> #REF! | D56: =#REF! -> #REF! | E56: =#REF! -> #REF! | F56: =#REF! -> #REF! | G56: =#REF! -> #REF! | I56: =#REF! -> #REF! | K56: =#REF! -> #REF! | M56: =#REF! -> #REF! | O56: =#REF! -> #REF! | Q56: =#REF! -> #REF! | S56: =#REF! -> #REF! | U56: =#REF! -> #REF! | W56: =#REF! -> #REF! | Y56: =#REF! -> #REF! | AA56: =#REF! -> #REF! | AC56: =#REF! -> #REF!
G57: =#REF! -> #REF! | I57: =#REF! -> #REF! | K57: =#REF! -> #REF! | M57: =#REF! -> #REF! | O57: =#REF! -> #REF! | Q57: =#REF! -> #REF! | S57: =#REF! -> #REF! | U57: =#REF! -> #REF! | W57: =#REF! -> #REF! | Y57: =#REF! -> #REF! | AA57: =#REF! -> #REF! | AC57: =#REF! -> #REF!
G58: =#REF! -> #REF! | I58: =#REF! -> #REF! | K58: =#REF! -> #REF! | M58: =#REF! -> #REF! | O58: =#REF! -> #REF! | Q58: =#REF! -> #REF! | S58: =#REF! -> #REF! | U58: =#REF! -> #REF! | W58: =#REF! -> #REF! | Y58: =#REF! -> #REF! | AA58: =#REF! -> #REF! | AC58: =#REF! -> #REF!
G59: =#REF! -> #REF! | I59: =#REF! -> #REF! | K59: =#REF! -> #REF! | O59: =#REF! -> #REF! | Q59: =#REF! -> #REF! | S59: =#REF! -> #REF! | U59: =#REF! -> #REF! | W59: =#REF! -> #REF! | Y59: =#REF! -> #REF! | AA59: =#REF! -> #REF! | AC59: =#REF! -> #REF!
